506,1/10-A,,G-8/4,Occupied,A
2634,1/10-A,,G-9/3,Occupied,A
456,1/10-C,,G-8/1,Occupied,C
532,1/10-D,,G-9/2,Occupied,D
1390,1/10-D,,I-8/1,Occupied,D
1097,1/11-A,,G-8/4,Occupied,A
1281,1/11-A,,G-9/3,Occupied,A
457,1/11-C,,G-8/1,Occupied,C
1442,1/11-D,,I-8/1,Occupied,D
513,1/12-A,,G-8/4,Occupied,A
1268,1/12-A,,G-9/3,Occupied,A
458,1/12-C,,G-8/1,Occupied,C
2261,1/12-D,,I-8/1,Vacated,D
518,1/13-A,,G-8/4,Occupied,A
1782,1/13-C,,G-8/1,Occupied,C
1391,1/13-D,,I-8/1,Occupied,D
519,1/14-A,,G-8/4,Occupied,A
459,1/14-C,,G-8/1,Occupied,C
1392,1/14-D,,I-8/1,Occupied,D
1854,1/15-A,,G-8/4,Occupied,A
455,1/15-C,,G-8/1,Occupied,C
1393,1/15-D,,I-8/1,Occupied,D
496,1/16-A,,G-8/4,Occupied,A
460,1/16-C,,G-8/1,Vacated,C
1394,1/16-D,,I-8/1,Not Occupied,D
495,1/1-A,,G-8/4,Occupied,A
2412,1/1-A,,G-9/3,Occupied,A
923,1/1-A (FC),,G-7/2,Occupied,A
337,"1/1-A, St. 52",,G-7/2,Occupied,A
2296,"1/1-A, St. 8",,G-7/2,Occupied,A
1822,"1/1-B, St. 52",,G-7/2,Occupied,B
2640,1/1-C,,G-7/2,Occupied,C
452,1/1-C,,G-8/1,Occupied,C
543,1/1-D,,G-9/2,Occupied,D
2251,1/1-D,,I-8/1,Occupied,D
754,1/1-E,,G-10/3,Occupied,E
211,1/1-E,,G-7/2,,
2270,1/1-E,,G-9/2,Occupied,E
2549,1/2-A,,G-8/4,Occupied,A
715,1/2-A,,G-9/3,Court Case,A
2520,1/2-A (66 Qtr),,G-7/2,Occupied,A
1236,1/2-A (A-1-A/2),,G-9/2,Occupied,A
2301,1/2-A St. 52,,G-7/2,Occupied,A
328-A,"1/2-A, St 53",,G-7/2,Occupied,A
409,"1/2-A, St. 17",,G-7/2,Illegal,A
1494,1/2-B,,G-7/2,Occupied,B
253,1/2-C,,G-7/2,Occupied,C
439,1/2-C,,G-8/1,Occupied,C
531,1/2-D,,G-9/2,Occupied,D
2207,"1/2-D, st 7",,I-8/1,Occupied,D
1160,1/2-E,,F-6/4,Occupied,E
1522,1/2-E,,G-10/3,Occupied,E
219,1/2-E,,G-7/2,Occupied,E
524,1/2-E,,G-9/2,Occupied,E
12,1/2-E (Old 261-E),,G-6/4,,
919,1/3-A,,G-7/2,Vacated,A
1098,1/3-A,,G-8/4,Occupied,A
1125,1/3-A,,G-9/3,Occupied,A
334,"1/3-A, St 48",,G-7/2,Occupied,A
926,"1/3-A, St. 52",,G-7/2,Occupied,A
2292,"1/3-A, St. 53",,G-7/2,Occupied,A
305,1/3-B,,G-7/2,Occupied,B
2646,1/3-B,,G-7/4,Occupied,B
251,1/3-C,,G-7/2,Occupied,C
448,1/3-C,,G-8/1,Occupied,C
270-B,"1/3-C, St. 51",,G-7/2,Occupied,C
2164,1/3-D,,G-9/2,Occupied,D
2208,"1/3-D, st 7",,I-8/1,Occupied,D
1638,1/3-E,,G-10/3,Occupied,E
523,1/3-E,,G-9/2,Occupied,E
218,"1/3-E, St 05",,G-7/2,Occupied,E
841,1/4-A,,G-7/2,Occupied,A
2008,1/4-A,,G-8/4,Occupied,A
2416,1/4-A,,G-9/3,Occupied,A
1559,"1/4-A, St. 53",,G-7/2,Occupied,A
1483,1/4-B,,G-7/2,Occupied,B
2475,1/4-C,,G-8/1,Occupied,C
1608-B,"1/4-C, St. 51",,G-7/2,Occupied,C
1384,1/4-D,,I-8/1,Occupied,D
2359,1/4-E,,G-10/3,Occupied,E
2269,1/4-E,,G-9/2,Occupied,E
2003,1/5-A,,G-8/4,Occupied,A
2282,1/5-A,,G-9/3,Occupied,A
2519,1/5-A (66 Qtr),,G-7/2,Occupied,A
378,"1/5-A, St 46",,G-7/2,Occupied,A
1554,"1/5-A, St. 52",,G-7/2,Occupied,A
285,1/5-B,,G-7/2,Occupied,B
270,1/5-C,,G-7/2,,
453,1/5-C,,G-8/1,Occupied,C
1385,1/5-D,,I-8/1,Occupied,D
1350,1/5-E,,G-10/3,Occupied,E
526,1/5-E,,G-9/2,Occupied,E
2563,1/6-A,,G-8/4,Occupied,A
2692,1/6-A,,G-9/3,Occupied,A
2257,"1/6-A (St, 52)",,G-7/2,Occupied,A
283,1/6-B,,G-7/2,Occupied,B
454,1/6-C,,G-8/1,Occupied,C
1590,1/6-C St. 51,,G-7/2,Occupied,C
1610,"1/6-C, St. 59",,G-7/2,Occupied,C
1386,1/6-D,,I-8/1,Occupied,D
1347,1/6-E,,G-10/3,Occupied,E
527,1/6-E,,G-9/2,Occupied,E
842,1/7-A,,G-7/2,Occupied,A
2005,1/7-A,,G-8/4,Occupied,A
2699,1/7-A,,G-9/3,Occupied,A
474,1/7-C,,G-8/1,Occupied,C
540,1/7-D,,G-9/2,,
1387,1/7-D,,I-8/1,Occupied,D
751,1/7-E,,G-10/3,Occupied,E
522,1/7-E,,G-9/2,Occupied,E
843,1/8-A,,G-7/2,Occupied,A
517,1/8-A,,G-8/4,Not Occupied,A
2534,1/8-A,,G-9/3,Occupied,A
1113,1/8-C,,G-8/1,Occupied,C
1388,1/8-D,,I-8/1,Occupied,D
1669,1/8-E,,G-10/3,Occupied,E
521,1/8-E,,G-9/2,Occupied,E
495-A,1/9-A,,G-8/4,Occupied,A
729,1/9-A,,G-9/3,Occupied,A
440,1/9-C,,G-8/1,Occupied,C
1389,1/9-D,,I-8/1,Occupied,D
1278,10/10-A,,G-9/3,Occupied,A
1261,10/11-A,,G-9/2,,
2230,10/11-A,,G-9/3,Occupied,A
2192,10/11-D,,I-9/4,,D
1705,10/12-A,,G-9/3,Occupied,A
1368,10/13-D,,I-9/4,,
2378,10/15-B,,G-9/2,,
2120,10/1-A,,G-7/1,Occupied,A
1249,10/1-A,,G-9/3,Occupied,A
2449,10/2-A,,G-7/1,Occupied,A
1260,10/2-A,,G-9/3,Occupied,A
279,10/2-C,,G-7/1,,
553,10/2-C,,G-9/2,Occupied,C
2113,10/3-A,,G-7/1,Occupied,A
1941,10/3-A,,G-9/3,Occupied,A
2153,10/3-C,,G-9/2,Occupied,C
890,10/4-A,,G-7/1,Occupied,A
722,10/4-A,,G-9/3,Occupied,A
560-A,10/4-C,,G-9/2,Occupied,C
2445,10/5-A,,G-7/1,Occupied,A
2176,10/5-A,,G-9/3,Occupied,A
1762,10/5-C,,G-7/1,,
562,10/5-C,,G-9/2,Occupied,C
1861,10/6-A,,G-7/1,Occupied,A
2510,10/6-A,,G-9/3,Occupied,A
1477,"10/6-A, St. 05",,G-7/2,Court Case,
277,"10/6-C, St. 78",,G-7/1,Occupied,C
716,10/7-A,,G-9/3,Occupied,A
1652,10/8-A,,G-9/3,Occupied,A
2561,10/9-A,,G-9/3,Occupied,A
789,100/5-B,,G-10/3,Occupied,B
2669,100/6-A,,G-7/4,Occupied,A
2095,100-A,,F-6/2,Occupied,A
2443,102/4-B,,G-7/4,Occupied,B
2063,103/3-B,,G-7/4,,
1664,103-A,,G-7/3-4,Occupied,A
239,103-G(New 2-G),,G-6/3,Occupied,G
2135,104-D,,G-6/2,Occupied,D
1660,105/1-B,,G-7/4,Occupied,B
1539-A,105-A,,G-7/3-3,Occupied,A
52,105-D,,G-6/4,Occupied,D
2743,106-D,,G-6/4,Occupied,D
1472,107/1-A,,G-7/4,Occupied,A
779,107/2-C,,G-10/3,,
2569,107/8-B,,G-10/3,Occupied,B
32,107-D,,G-6/4,,
1821,108/1-B,,G-7/4,Occupied,B
220,108/4-E,,G-7/2,Occupied,E
2081,108-B,,G-6/1-4,Occupied,B
1749,109/1-B,,G-7/4,Occupied,B
1178,10-A,,F-6/2,Occupied,A
947,10-A,,G-6/2,Occupied,A
898,10-A,,G-7/3-2,Occupied,A
2324,10-B(New 20-B),,G-6/2,Occupied,B
1531,10-C,,G-6/2,,
1536-A,10-C (New 2-C),,G-6/2,Occupied,C
2714,10-E,,G-7/2,Occupied,E
424-A,10-E,,G-8/2,Occupied,E
1450,10-G,,I-8/1,,
2025,11 St 10,,F-6/3,,
1770,11/1-A,,G-7/1,Occupied,A
560-B,11/1-C,,G-9/2,Occupied,C
1462,11/2-A,,G-7/1,Occupied,A
550,11/2-C,,G-9/2,Occupied,C
250,"11/2-C, St 78",,G-7/1,Occupied,C
2305,11/3-A,,G-7/1,Occupied,A
2154,11/3-C,,G-9/2,Occupied,C
2350,11/3-E,,G-10/2,,
1699,11/4-A,,G-7/1,Occupied,A
1880,11/4-C,,G-9/2,Occupied,C
1635,11/5-A,,G-7/1,Occupied,A
2198,11/5-C,,G-9/2,Occupied,C
2446,"11/6-A St, 64",,G-7/1,Occupied,A
551,11/6-C,,G-9/2,Occupied,C
757,11/6-E,,G-10/2,,
1878,11/7-C,,G-9/2,Occupied,C
552,11/8-C,,G-9/2,Occupied,C
559-B,11/9-C,,G-9/2,Occupied,C
2442,110/3-B,,G-7/4,Occupied,B
22,110-D,,G-6/4,Occupied,D
2134,111-D,,G-6/4,Occupied,D
1230,112-A,,G-7/3-1,Occupied,A
1078,116-C,,G-6/2,,
203,119-A,,G-6/1-3,Occupied,A
2187,119-C,,G-6/1-2,Occupied,C
1179,11-A,,F-6/2,Occupied,A
948,11-A,,G-6/2,Occupied,A
899,11-A,,G-7/3-2,Vacated,A
2142,11-A (New-22-A),,G-6/1-2,Occupied,A
1803,11-A(C.Room),,F-7/3,,SITE
2183,11-C(old 16-C),,G-6/2,Occupied,C
21,11-D,,G-6/4,Occupied,D
228,11-E,,G-7/2,Occupied,E
429,11-E,,G-8/2,Occupied,E
348,12/1-A,,G-7/1,Occupied,A
2650,"12/2-A, St. 64",,G-7/1,Occupied,A
2355,12/2-E,,G-10/3,,
1474,12/3-A,,G-7/1,Occupied,A
1701,12/4-A,,G-7/1,Occupied,A
1371,12/4-D,,I-9/4,,
1473,12/5-A,,G-7/1,,
307,12/5-B,,G-7/1,Occupied,B
349,12/6-A,,G-7/1,Occupied,A
151,120-B,,G-6/1-4,,
1864,121-A,,G-7/3-3,Occupied,A
1087,121-C,,G-6/1-3,,
1565,122-B,,G-6/1-4,Occupied,B
51,122-D,,G-6/4,,
232,122-D,,G-7/3-2,Occupied,D
1828,123-D,,G-6/4,Occupied,D
2139,125-C,,G-6/1-3,Occupied,C
1070,126-B,,G-6/1-4,Occupied,B
1540,128-C,,G-6/2,Occupied,C
1727,129-A,,G-6/1-1,Occupied,A
1517,12-A,,F-6/2,Occupied,A
1674,12-A,,F-7/3,Occupied,H
994,12-A,,G-6/1-2,Occupied,A
949,12-A,,G-6/2,Occupied,A
900,12-A,,G-7/3-2,Occupied,A
2,12-E,,G-6/2,Occupied,E
213,12-E,,G-7/2,Occupied,E
421,12-E,,G-8/2,Occupied,E
2741,13/10-B,,G-9/2,Occupied,B
2503,13/11-B,,G-9/2,Occupied,B
2492,13/12-B,,G-9/2,Occupied,B
2710,13/13-B,,G-9/2,Occupied,B
1927,13/14-B,,G-9/2,Occupied,B
1541-A,13/15-B,,G-9/2,Occupied,B
563,13/16-B,,G-9/2,Occupied,B
1563,13/1-A,,G-7/1,Occupied,A
2216,13/1-B,,G-7/4,,
2377,13/1-B,,G-9/2,Occupied,B
2647,"13/2-A, St. 65",,G-7/1,Occupied,A
2683,13/2-B,,G-9/2,Occupied,B
383,13/3-A,,G-7/1,Occupied,A
350,13/4-A,,G-7/1,Occupied,A
1658,13/4-B,,G-7/4,Occupied,B
2478,13/4-B,,G-9/2,Occupied,B
1793,13/5-A,,G-7/1,Occupied,A
2133,13/5-B,,G-9/2,Occupied,B
1697,13/6-A,,G-7/1,Occupied,A
1813-A,13/6-B,,G-9/2,Occupied,B
594,13/7-B,,G-9/2,Occupied,B
1505,13/8-B,,G-9/2,Occupied,B
2316,13/9-B,,G-9/2,Occupied,B
1,130-E(658-E),,G-6/2,Occupied,E
2159,131-A,,G-7/3-1,Occupied,A
60,133-C,,G-6/2,Occupied,C
140,137-B,,G-6/1-1,Occupied,B
1578,138-A,,G-6/1-3,Occupied,A
2531,139-B,,G-6/2,Occupied,B
1180,13-A,,F-6/2,Occupied,A
995,13-A,,G-6/1-2,Occupied,A
2385,13-A,,G-6/2,Occupied,A
2444,13-A(48 QTR),,G-7/3-2,Occupied,A
1088,13-C,,G-6/2,Occupied,C
216,13-E,,G-7/2,,
422,13-E,,G-8/2,Occupied,E
42,13-F,,G-6/3,Occupied,F
1930,14/10-B,,G-9/2,Occupied,B
1924,14/11-B,,G-9/2,Occupied,B
564,14/12-B,,G-9/2,Occupied,B
2238,14/13-B,,G-9/2,,
1668,14/14-B,,G-9/2,Occupied,B
566,14/15-B,,G-9/2,Occupied,B
597,14/16-B,,G-9/2,Occupied,B
325,14/1-A,,G-7/1,Occupied,A
1928,14/1-B,,G-9/2,Occupied,B
2675,14/2-A,,G-7/1,Occupied,A
2125,14/2-B,,G-9/2,Occupied,B
1560,14/3-A,,G-7/1,Occupied,A
1511,14/3-B,,G-9/2,Occupied,B
406,14/4-A,,G-7/1,Occupied,A
596,14/4-B,,G-9/2,Occupied,B
351,14/5-A,,G-7/1,Occupied,A
1150,14/5-B,,G-9/2,Occupied,B
1615,"14/6-A, St. 65",,G-7/1,Occupied,A
565,14/6-B,,G-9/2,Occupied,B
599,14/7-B,,G-9/2,Occupied,B
2244,14/8-B,,G-9/2,Occupied,B
2249,14/9-B,,G-9/2,Occupied,B
814,140-A,,G-7/3-3,Occupied,A
2356,147-B,,G-6/2,,
24,147-D New 98-D,,G-6/2,Occupied,D
315,149-B,,G-7/3-2,Occupied,B
1181,14-A,,F-6/2,Occupied,A
1675,14-A,,F-7/3,,H
996,14-A,,G-6/1-2,Occupied,A
1719,14-A,,G-7/3-2,Vacated,A
2374,14-A St 07,,G-6/2,Occupied,A
1534,14-C New 7-C,,G-6/2,Occupied,C
224,14-E,,G-7/2,Occupied,E
428,14-E,,G-8/2,Occupied,E
434,14-G(New 10-G,,F-6/4,,
1693,15/10-B,,G-9/2,Occupied,B
2631,15/11-B,,G-9/2,Occupied,B
2453,15/12-B,,G-9/2,Occupied,B
569,15/13-B,,G-9/2,,
2124,15/14-B,,G-9/2,Occupied,B
1890,15/15-B,,G-9/2,Vacated,B
2525,15/16-B,,G-9/2,Occupied,B
1737,15/1-A,,G-7/1,,
1951,15/1-B,,G-9/2,Occupied,B
352,15/2-A,,G-7/1,Occupied,A
1954,15/2-B,,G-9/2,Vacated,B
1493,15/3-A,,G-7/1,Occupied,A
1978,15/3-B,,G-9/2,Occupied,B
554,15/3-C,,G-9/2,,
353,15/4-A,,G-7/1,Occupied,A
2056,15/4-B,,G-9/2,Occupied,B
390,15/5-A,,G-7/1,Occupied,A
2129,15/5-B,,G-9/2,Vacated,B
259,15/5-C,,G-7/1,Occupied,C
2724,15/6-A,,G-7/1,Occupied,A
567,15/6-B,,G-9/2,Occupied,B
2742,15/7-B,,G-9/2,Occupied,B
568,15/8-B,,G-9/2,Occupied,B
2332,15/9-B,,G-9/2,Occupied,B
141,150-B,,G-6/1-2,Occupied,B
2137,150-D,,G-6/2,Occupied,D
1234,15-A,,F-6/2,Occupied,A
997,15-A,,G-6/1-2,Occupied,A
950,15-A,,G-6/2,Occupied,A
330,15-A,,G-7/3-2,Occupied,A
1777,15-D,,G-6/2,Occupied,D
2021,15-D (old 116-D),,G-6/4,Occupied,D
2341,15-E,,G-7/2,Occupied,E
423,15-E,,G-8/2,Occupied,E
1524,16 (Cat-II),,G-10/3,,
2380,16/15-B,,G-9/2,,
333,16/1-A,,G-7/1,Occupied,A
1690,16/1-B,,G-9/2,Occupied,B
1558-B,16/2-A,,G-7/1,,
323,16/2-B,,G-9/2,Occupied,
1768,16/3-A,,G-7/1,Occupied,A
838,16/4-A,,G-7/1,Occupied,A
2410,16/4-B,,G-9/2,,
426,16/5-A,,G-7/1,Occupied,A
1608,"16/6-A, St. 65",,G-7/1,Occupied,A
1698,160-A,,G-7/3-3,Occupied,A
48,162-D,,G-6/2,Occupied,D
226,165-B,,G-6/1-1,Occupied,B
1620,167-B,,G-6/1-1,Occupied,B
2697,168-B,,G-6/1-2,Occupied,B
2136,169-D,,G-6/4,Occupied,D
8,169-E,,G-6/2,Occupied,E
1182,16-A,,F-6/2,Occupied,A
1673,16-A,,F-7/3,,H
1581,16-A,,G-6/1-2,Occupied,A
1710,16-A,,G-6/2,Occupied,A
1466,16-A,,G-7/3-2,Occupied,A
26,16-D (  New 27-D),,G-6/2,Occupied,D
2342,16-E,,G-7/2,Occupied,E
424,16-E,,G-8/2,Occupied,E
240,16-F(old-39-F),,G-6/3,Illegal,F
379,17/2-A,,G-7/1,Occupied,A
1802,17/3-A,,G-7/1,Occupied,A
435,17/4-A,,G-7/1,Occupied,A
2119,17/5-A,,G-7/1,Occupied,A
819,17/6-A,,G-7/1,Occupied,A
1592,17/6-C,,G-7/1,Occupied,C
1728,171-A,,G-6/1-3,Occupied,A
57,174-C (New 28-C),,G-6/2,Occupied,C
2121,179-A,,G-7/3-1,,
234,179-D,,G-7/3-2,Occupied,D
11,179-E,,G-6/2,,
2094,17-A,,F-6/2,,A
998,17-A,,G-6/1-2,Occupied,A
951,17-A,,G-6/2,Occupied,A
901,17-A,,G-7/3-2,Occupied,A
54,17-C,,G-6/2,Occupied,C
2152,18/10-C,,G-9/2,Court Case,C
774,18/10-D,,G-10/3,Occupied,D
562-B,18/11-C,,G-9/2,Occupied,C
758,18/11-D,,G-10/3,Occupied,D
555,18/12-C,,G-9/2,Occupied,C
2315,18/12-D,,G-10/3,Occupied,D
2158,18/13-C,,G-9/2,Occupied,C
2313,18/13-D,,G-10/3,Occupied,D
2151,18/14-C,,G-9/2,Occupied,C
1950,18/14-D,,G-10/3,Occupied,D
561,18/15-C,,G-9/2,,
760,18/15-D,,G-10/3,Vacated,D
1118,18/16-A,,G-9/2,Occupied,A
546,18/16-C,,G-9/2,Vacated,C
759,18/16-D,,G-10/3,Occupied,D
2518,18/1-A,,G-7/1,Occupied,A
2682,"18/1-B, St. 75",,G-7/1,Occupied,B
545,18/1-C,,G-9/2,Occupied,C
2309,18/1-D,,G-10/3,Occupied,D
1666,18/2-A,,G-7/1,Occupied,A
549,18/2-C,,G-9/2,Occupied,C
770,18/2-D,,G-10/3,Occupied,D
413,18/3-A,,G-7/1,Occupied,A
2155,18/3-C,,G-9/2,Vacated,C
2311,18/3-D,,G-10/3,Occupied,D
339,18/4-A,,G-7/1,Occupied,A
2406,18/4-B,,G-7/1,Occupied,B
558,18/4-C,,G-9/2,Occupied,C
761,18/4-D,,G-10/3,,
1609,"18/5-A, St. 65",,G-7/1,Occupied,A
556,18/5-C,,G-9/2,Occupied,C
1946,18/5-D,,G-10/3,Occupied,D
2037,18/6-A,,G-7/1,Occupied,A
2733,18/6-C,,G-9/2,Occupied,C
780,18/6-D,,G-10/3,Occupied,D
2506,18/7-C,,G-9/2,Occupied,C
2312,18/7-D,,G-10/3,,
2674,18/8-C,,G-9/2,Occupied,C
767,18/8-D,,G-10/3,Vacated,
1443,18/8-D,,I-8/1,,
2704,18/9-C,,G-9/2,Occupied,C
775,18/9-D,,G-10/3,Occupied,D
2463,180-C,,G-6/2,Occupied,C
361,181-A,,G-7/3-1,Occupied,A
397,182-A,,G-7/3-4,Occupied,A
2080,183-B,,G-6/1-1,Occupied,B
2147,184-A,,G-6/1-4,Occupied,A
911,184-A,,G-7/3-4,,
1038,185-A,,G-6/1-1,,A
1636,188-A,,G-7/3-4,Occupied,A
1796,188-B,,G-6/1-2,Occupied,B
1603,18-A,,F-6/2,Occupied,A
1677,18-A,,F-7/3,Occupied,H
999,18-A,,G-6/1-2,Occupied,A
952,18-A,,G-6/2,Occupied,A
2112,18-A,,G-7/3-2,Occupied,A
2298,18-A,,G-7/3-4,Occupied,A
1957,18-B  ( Old 9-B ),,G-6/2,Occupied,B
100,18-C(New 15-C),,G-6/2,Occupied,C
1351,19 (Cat-II),,G-10/3,Occupied,G
1812,19/10-B,,G-9/2,Occupied,B
771,19/10-D,,G-10/3,Occupied,D
1772,19/11-B,,G-9/2,Occupied,B
2665,19/11-D,,G-10/3,Occupied,D
2523,19/12-B,,G-9/2,Occupied,B
766,19/12-D,,G-10/3,Not Occupied,D
1811,19/13-B,,G-9/2,Occupied,B
2314,19/13-D,,G-10/3,Vacated,D
1929,19/14-B,,G-9/2,Occupied,B
768,19/14-D,,G-10/3,Occupied,D
2711,19/15-B,,G-9/2,Occupied,B
1949,19/15-D,,G-10/3,Occupied,D
1139,19/16-B,,G-9/2,Occupied,B
1665,19/1-A,,G-7/1,Occupied,A
1904,19/1-B,,G-7/4,,
1836,19/1-B,,G-9/2,Occupied,B
772,19/1-D,,G-10/3,Occupied,D
2291,19/2-A,,G-7/1,Occupied,A
2239,19/2-B,,G-9/2,,
1947,19/2-D,,G-10/3,Occupied,D
1718-B,19/3-A,,G-7/1,Occupied,A
1488,19/3-B,,G-7/4,Occupied,B
1808,19/3-B,,G-9/2,Occupied,B
1945,19/3-D,,G-10/3,Vacated,D
354,19/4-A,,G-7/1,Occupied,A
1840,19/4-B,,G-9/2,Occupied,B
773,19/4-D,,G-10/3,Occupied,D
355,19/5-A,,G-7/1,Occupied,A
2454,19/5-B,,G-9/2,Occupied,B
765,19/5-D,,G-10/3,Occupied,D
1696,19/6-A,,G-7/1,Occupied,A
1509,19/6-B,,G-9/2,Occupied,B
2689,19/6-D,,G-10/3,Vacated,D
2328,19/7-B,,G-9/2,Occupied,B
2558,19/7-D,,G-10/3,Not Occupied,D
2420,19/8-B,,G-9/2,Occupied,B
2387,19/8-D,,G-10/3,Not Occupied,D
2504,19/9-B,,G-9/2,Occupied,B
2310,19/9-D,,G-10/3,Occupied,D
1069,190-B,,G-6/2,Occupied,B
2429,192-E St 16,,G-6/2,,
2076,198-B,,G-6/1-2,Occupied,B
2263,198-D,,G-6/4,Occupied,D
2097,19-A,,F-6/2,Occupied,A
1000,19-A,,G-6/1-2,Occupied,A
953,19-A,,G-6/2,Occupied,A
360,19-A,,G-7/3-2,Occupied,A
2529,19-B,,G-6/1-1,Occupied,B
1158,1-A,,F-6/1,,
1518,1-A,,F-6/2,Occupied,A
1731,1-A,,G-6/1-2,,A
208,1-A,,G-6/2,Occupied,A
891,1-A,,G-7/3-1,Occupied,A
2424,1-A(East),,Art & Craft,,SITE
1250,1-A-B/16,,G-9/2,,A
1564-B,1-B (new 2-B),,G-6/2,Occupied,B
2180,1-C (11-C),,G-6/2,,
15,1-E,,G-6/2,Occupied,E
222,"1-E, Cat-II",,G-7/2,Occupied,E
2105,2 Grave Yard,,H-9,,SITE
1092,2/10-A,,G-8/4,Occupied,A
618,2/10-A,,G-9/3,Occupied,A
469,2/10-C,,G-8/1,Occupied,C
1404,2/10-D,,I-8/1,Occupied,D
2548,2/11-A,,G-8/4,Occupied,A
732,2/11-A,,G-9/3,Occupied,A
470,2/11-C,,G-8/1,Occupied,C
1405,2/11-D,,I-8/1,Occupied,D
2006,2/12-A,,G-8/4,Occupied,A
733,2/12-A,,G-9/3,,
471,2/12-C,,G-8/1,Occupied,C
1406,2/12-D,,I-8/1,Occupied,D
498,2/13-A,,G-8/4,Occupied,A
1110,2/13-C,,G-8/1,Occupied,C
1444,2/13-D,,I-8/1,Occupied,D
419,"2/13-D, St 30",,I-8/1,Occupied,D
1093,2/14-A,,G-8/4,Occupied,A
475,2/14-C,,G-8/1,Occupied,C
1407,"2/14-D, St 8",,I-8/1,,
1094,2/15-A,,G-8/4,Occupied,A
472,2/15-C,,G-8/1,Vacated,C
1408,2/15-D,,I-8/1,Occupied,D
1096,2/16-A,,G-8/4,Occupied,A
473,2/16-C,,G-8/1,Occupied,C
1409,2/16-D,,I-8/1,Occupied,D
2034,2/1-A,,G-7/2,,A
514,2/1-A,,G-8/4,Occupied,A
1269,2/1-A,,G-9/3,Occupied,A
1548,"2/1-A, St. 36",,G-7/2,Occupied,A
338,"2/1-A, St. 52",,G-7/2,Occupied,A
462,2/1-C,,G-8/1,Occupied,C
1589,2/1-C St. 24,,G-7/2,Occupied,C
2533,"2/1-C, St 51",,G-7/2,Occupied,C
1605,"2/1-C, St. 40",,G-7/2,Occupied,C
1395,2/1-D,,I-8/1,Occupied,D
755,2/1-E,,G-10/3,Occupied,E
916,2/2-A,,G-7/2,Vacated,A
1856,2/2-A,,G-8/4,Occupied,A
1120,2/2-A,,G-9/3,Occupied,A
1974,"2/2-A St, 36",,G-7/2,Occupied,A
1983,"2/2-A St, 52",,G-7/2,Occupied,A
310,2/2-B,,G-7/2,Occupied,B
463,2/2-C,,G-8/1,Occupied,C
2427,"2/2-C, Street 51",,G-7/2,Occupied,C
1396,2/2-D,,I-8/1,,
1642,2/2-E,,G-10/3,Occupied,E
1520-A,2/2-E,,G-7/2,Occupied,E
1852,2/3-A,,G-8/4,Occupied,A
2175,2/3-A,,G-9/3,,
2438,"2/3-A st, 48",,G-7/2,,
2033,2/3-A St. 36,,G-7/2,Occupied,A
844,2/3-A(F.C),,G-7/2,Occupied,A
2440,2/3-B,,G-7/4,Occupied,B
464,2/3-C,,G-8/1,Occupied,C
271,"2/3-C, St. 24",,G-7/2,Occupied,C
1608-A,"2/3-C, St. 51",,G-7/2,Occupied,C
1397,2/3-D,,I-8/1,Occupied,D
1527,2/3-E,,F-6/4,,
753,2/3-E,,G-10/3,Occupied,E
1549,2/4-A,,G-7/2,,A
327,2/4-A,,G-7/2,Occupied,A
497,2/4-A,,G-8/4,Occupied,A
2687,2/4-A,,G-9/3,Occupied,A
2541,2/4-A st 34,,G-7/2,Occupied,A
2701,"2/4-A, St. 52",,G-7/2,Occupied,A
2218,2/4-B,,G-7/2,Occupied,B
465,2/4-C,,G-8/1,Occupied,C
1398,2/4-D,,I-8/1,Occupied,D
1399,"2/4-D, St 8",,I-8/1,Occupied,D
2348,2/4-E,,G-10/3,Occupied,E
340,2/5-A,,G-7/2,Vacated,A
1103,2/5-A,,G-8/4,Occupied,A
723,2/5-A,,G-9/3,Occupied,A
2117,2/5-A St 36,,G-7/2,Occupied,A
1911,"2/5-A, St 49",,G-7/2,Occupied,A
1638-A,"2/5-A, St 53",,G-7/2,Occupied,A
425,"2/5-A, St. 52",,G-7/2,Occupied,A
2553,"2/5-B, St 17",,G-7/2,Occupied,
255,2/5-C,,G-7/2,Occupied,C
444,2/5-C,,G-8/1,Occupied,C
2411,2/5-D St. 8,,I-8/1,Occupied,D
752,2/5-E,,G-10/3,Occupied,E
928,2/6-A,,G-7/2,Vacated,A
2564,2/6-A,,G-8/4,Occupied,A
1237,2/6-A,,G-9/3,Occupied,A
1806,"2/6-A st, 48",,G-7/2,Occupied,A
2484,"2/6-A, St 36",,G-7/2,Occupied,A
2441,"2/6-A, St, 52",,G-7/2,Occupied,A
2089,2/6-C,,G-7/2,Occupied,C
466,2/6-C,,G-8/1,Occupied,C
1400,2/6-D,,I-8/1,Occupied,D
749,2/6-E,,G-10/3,Occupied,E
1912,2/7-A,,G-7/2,Occupied,A
520,2/7-A,,G-8/4,Not Occupied,A
730,2/7-A,,G-9/3,,
467,2/7-C,,G-8/1,Occupied,C
1401,2/7-D,,I-8/1,Occupied,D
746,2/7-E,,G-10/3,Occupied,E
845,2/8-A,,G-7/2,Occupied,
1090,2/8-A,,G-8/4,Occupied,A
1298,2/8-A,,G-9/3,Occupied,A
441,2/8-C,,G-8/1,Occupied,C
1402,2/8-D,,I-8/1,Occupied,D
2349,"2/8-E,",,G-10/3,Occupied,E
1091,2/9-A,,G-8/4,Occupied,A
731,2/9-A,,G-9/3,Occupied,A
468,2/9-C,,G-8/1,Occupied,C
1403,2/9-D,,I-8/1,,
1948,20/10-D,,G-10/3,Occupied,D
1262,20/12-A,,G-9/2,Occupied,A
225,20/16-D,,I-9/4,Occupied,D
392,20/1-A,,G-7/1,Occupied,A
317,20/1-B,,G-7/4,Occupied,B
2721,"20/2-A, St 66",,G-7/1,Occupied,A
289,20/2-B,,G-7/1,Occupied,B
356,20/3-A,,G-7/1,Occupied,A
290,20/3-B,,G-7/1,Occupied,B
2728,20/4-A,,G-7/1,Occupied,A
1299,20/4-A,,G-9/2,Occupied,A
1551,20/5-A,,G-7/1,Occupied,A
2517,20/6-A,,G-7/1,Occupied,A
2177,20/6-A,,G-9/2,,
1639,20/8-E,,G-10/2,,
1798,200-B,,G-6/1-4,Occupied,B
2677,201-A,,G-6/1-1,Occupied,
1791,201-A,,G-7/3-1,Occupied,A
2032,202-A,,G-7/3-1,Occupied,A
1557,203-A,,G-7/3-1,Occupied,A
1817,204-A,,G-7/3-1,Occupied,A
2326,"208-A, St 288",,G-7/3-3,Occupied,A
1183,20-A,,F-6/2,Occupied,A
1001,20-A,,G-6/1-2,Occupied,A
954,20-A,,G-6/2,Occupied,A
902,20-A,,G-7/3-2,Occupied,A
1676,"20-A St,63",,F-7/3,,H
1542-A,"20-B, St 20",,G-6/2,Occupied,B
1530,20-C (New 19-C),,G-6/2,Occupied,C
2672,21/3-B,,G-7/4,Occupied,B
1657,"21/3-B, St. 75",,G-7/1,Occupied,B
1550,211-A,,G-7/3-1,,
2014,215-B,,G-6/1-4,Occupied,B
1614,218-B,,G-6/2,Occupied,B
1827,218-D,,G-7/3-2,Occupied,D
4,219-E (new 23-E),,G-6/4,,
1184,21-A,,F-6/2,Occupied,A
1002,21-A,,G-6/1-2,Occupied,A
955,21-A,,G-6/2,Occupied,A
903,21-A,,G-7/3-2,Occupied,A
27,21-D (old 119-D),,G-6/4,Occupied,D
1352,22,,G-10/3,,
1287,22/16-A,,G-9/2,,
1457,22/16-B,,I-9/4,,
1963,22/2-D,,F-6/1,Occupied,D
1907,22/5-B,,G-7/4,Occupied,B
297,22/6-B,,G-7/4,Occupied,B
2265,221-C,,G-6/2,,
13,223-E (New 15-E),,G-6/4,,
362,226-A,,G-7/3-4,Occupied,A
1856-A,227-C,,G-6/2,Occupied,C
1637,228-A,,G-7/3-1,Occupied,A
2093,22-A,,F-6/2,,A
1003,22-A,,G-6/1-2,Occupied,A
938,22-A,,G-6/2,Occupied,A
904,22-A,,G-7/3-2,Occupied,A
46,22-D,,G-6/2,,
2024,22-H (115-H),,F-6/3,,
384,23/1-A,,G-7/4,Occupied,A
2666,"23/2-A, St. 109",,G-7/4,Occupied,A
1769,23/3-A,,G-7/4,Occupied,A
391,23/4-A,,G-7/4,Occupied,A
301,23/5-B,,G-7/1,Occupied,B
1866,23/6-A,,G-7/4,Occupied,A
2015,230-B,,G-6/1-2,Occupied,B
2652,239-C,,G-7/3-3,Occupied,C
97,"239-C St, 31",,G-6/2,Occupied,C
201,23-A,,G-6/1-2,Occupied,A
939,23-A,,G-6/2,Occupied,A
821,23-A,,G-7/3-2,Occupied,A
1986,23-A,,G-7/3-4,,
2197,23-A St. 19,,F-6/2,Vacated,A
1677-A,23-Catt-II,,F-7/3,Occupied,G
1778,23-D,,G-6/4,Occupied,D
2471,24/1-A,,G-9/2,Occupied,A
1467,24/4-A,,G-7/4,Occupied,A
1663,241-A,,G-7/3-4,,
192,246-A,,G-6/1-4,Occupied,A
142,246-B,,G-6/2,Occupied,B
199,248-A,,G-6/1-4,Occupied,A
2091,24-A,,F-6/2,Occupied,A
1004,24-A,,G-6/1-2,Occupied,A
2397,24-A,,G-6/2,Occupied,A
2111,24-A,,G-7/3-2,Occupied,A
39,24-F (New 6-F),,G-6/3,Occupied,F
623,25/1-A,,G-9/2,Occupied,A
1292,25/2-A,,G-9/2,,
1251,25/9-A,,G-9/2,Occupied,A
2163,252-C,,G-6/2,Occupied,C
1844,252-E,,G-6/4,,
917,255-A,,G-7/3-4,Occupied,A
1933,256-C,,G-6/2,Occupied,C
137,257-B,,G-6/1-2,Occupied,B
58,257-C,,G-6/2,Occupied,C
2499-A,258-C,,G-6/2,Occupied,C
1748-A,259-C,,G-6/1-4,Occupied,C
94,259-C,,G-6/2,Occupied,C
1684,25-A,,F-6/2,,A
1005,25-A,,G-6/1-2,Occupied,A
204,25-A,,G-6/2,Occupied,A
2448,25-A,,G-7/3-2,Occupied,A
1779,25-D (121-D),,G-6/4,Occupied,D
1830,25-D old 17-D,,G-6/2,Occupied,D
1277,26/10-A,,G-9/2,Occupied,A
763,26/10-D,,G-10/3,Occupied,D
1068,261-B,,G-6/2,Occupied,B
1541,261-C,,G-6/1-4,Occupied,C
2044,262-C,,G-6/1-4,Occupied,C
1859,264-C,,G-6/1-4,Occupied,C
1616,269-B,,G-6/1-1,Occupied,B
1360,26-A,,F-6/2,,A
1006,26-A,,G-6/1-2,Occupied,A
940,26-A,,G-6/2,Occupied,A
401,26-A,,G-7/3-2,Occupied,A
1916,26-A (197-A),,G-6/1-1,Occupied,A
2100,27/10-C,,G-8/4,Occupied,C
1293,27/12-A,,G-9/2,,
443,27/12-C,,G-8/4,Occupied,C
442,27/13-C,,G-8/4,Occupied,C
2678,27/14-C,,G-8/4,Occupied,C
476,27/1-C,,G-8/4,Occupied,C
2099,27/2-C,,G-8/4,Occupied,C
2103,27/3-C,,G-8/4,Occupied,C
450,27/4-C,,G-8/4,Occupied,C
1965,27/4-D,,F-6/1,Occupied,D
2068,27/5-A,,G-9/2,,
2157,27/5-C,,G-8/4,Occupied,C
1108,27/6-C,,G-8/4,Vacated,C
2108,27/7-C,,G-8/4,Vacated,C
447,27/8-C,,G-8/4,Occupied,C
451,27/9-C,,G-8/4,Vacated,C
143,270-B,,G-6/1-2,Occupied,B
2090,270-C,,G-7/3-3,Occupied,C
2323,274-C,,G-6/1-4,Occupied,C
1707,276-C,,G-6/1-4,Occupied,C
1357,27-A,,F-6/2,Occupied,A
198,27-A,,G-6/1-2,Occupied,A
941,27-A,,G-6/2,,
905,27-A,,G-7/3-2,Occupied,A
2206,27-Cat-II,,I-8/1,,
2026,"27-G, N 10-G",,F-6/3,,
438,28/10-A,,G-8/1,,
387,28/9-A,,G-8/1,Occupied,A
144,284-B,,G-6/2,Occupied,B
20,284-E,,G-6/2,,
62,289-C,,G-6/2,Occupied,C
1600,28-A,,F-6/2,Vacated,A
1007,28-A,,G-6/1-2,Occupied,A
930,28-A,,G-6/2,Occupied,A
50,28-G (117-G),,G-6/3,,
2428,29(Cat-I),,I-8/1,,
1500,29/15-B,,G-9/2,Occupied,B
489,29/1-A,,G-8/1,Occupied,A
1525,29/1-F,,F-6/4,Occupied,F
1157,29/2-F,,F-6/4,Occupied,F
1528,29/3-F,,F-6/4,Occupied,F
1634,292-A,,G-7/3-4,Occupied,A
2464,292-C,,G-6/1-4,Occupied,C
145,293-B,,G-6/2,Occupied,B
63,293-C,,G-6/1-4,,
146,294-B,,G-6/2,Occupied,B
1709,294-C,,G-6/2,Occupied,C
1537,295-C,,G-6/2,Occupied,C
1084,296-C,,G-6/2,Occupied,C
1921,297-A,,G-6/1-1,,A
1263,299-C,,G-6/2,Occupied,C
1601,29-A,,F-6/2,Occupied,A
1008,29-A,,G-6/1-2,Occupied,A
931,29-A,,G-6/2,Occupied,A
2116,29-A,,G-7/3-2,Occupied,A
1164,2-A,,F-6/1,Occupied,F
2713,2-A,,F-6/2,Occupied,A
991,2-A,,G-6/1-2,Occupied,A
193,2-A,,G-6/2,Occupied,A
892,2-A,,G-7/3-2,Occupied,A
1159,2-B,,F-6/1,Occupied,F
1162,2-C,,F-6/1,Occupied,F
1789,2-E,,G-6/2,Occupied,E
227,2-E,,G-7/2,Occupied,E
2029,"2-E, st 13",,G-6/2,Occupied,E
1348,3(Cat-III),,G-10/2,,
1853,3/10-A,,G-8/4,Occupied,A
2168,3/10-A,,G-9/3,Vacated,A
446,3/10-C,,G-8/1,Occupied,C
2394,3/10-D,,G-9/2,Occupied,D
1419,3/10-D,,I-8/1,Occupied,D
2007,3/11-A,,G-8/4,Occupied,A
2725,3/11-A,,G-9/3,Occupied,A
1785,3/11-C,,G-8/1,Occupied,C
2166,3/11-D,,G-9/2,Occupied,D
1420,3/11-D,,I-8/1,Occupied,D
515,3/12-A,,G-8/4,Vacated,A
1290,3/12-A,,G-9/3,Occupied,A
1971,3/12-C,,G-8/1,Occupied,C
529,3/12-D,,G-9/2,Occupied,D
1421,3/12-D,,I-8/1,Occupied,D
508,3/13-A,,G-8/4,Occupied,A
1117,3/13-A,,G-9/2,,
81-B,3/13-C,,G-8/1,Occupied,C
1378,"3/13-D, St 5",,I-8/1,Occupied,D
1422,"3/13-D, St 9",,I-8/1,Vacated,D
1104,3/14-A,,G-8/4,Occupied,A
2100-A,3/14-C,,G-8/1,Vacated,C
539,3/14-D,,G-9/2,Occupied,D
1423,3/14-D,,I-8/1,Occupied,D
2252,"3/14-D, St. 5",,I-8/1,Occupied,D
1107,3/15-A,,G-8/4,Occupied,A
1783,3/15-C,,G-8/1,Occupied,C
528,3/15-D,,G-9/2,Occupied,D
1424,3/15-D St # 9,,I-8/1,Occupied,D
1379,"3/15-D, St 5",,I-8/1,Occupied,D
516,3/16-A,,G-8/4,Occupied,A
2101,3/16-C,,G-8/1,Occupied,C
534,3/16-D,,G-9/2,Occupied,D
2144,"3/16-D, St 6",,I-8/1,Occupied,D
1425,"3/16-D, St 9",,I-8/1,Occupied,D
1909,3/1-A,,G-7/2,Occupied,A
2663,3/1-A,,G-8/4,Occupied,A
734,3/1-A,,G-9/3,Occupied,A
2058,3/1-B,,G-7/2,Occupied,B
2636,3/1-C,,G-8/1,Occupied,C
2165,3/1-D,,G-9/2,Occupied,D
1410,3/1-D,,I-8/1,Occupied,D
2351,3/1-E,,G-10/3,Occupied,E
2400,3/2-A,,G-8/4,Occupied,A
2369,3/2-A,,G-9/2,,
727,3/2-A,,G-9/3,Occupied,A
2307,"3/2-A, 66 QTR",,G-7/2,,A
417,"3/2-A, St 46",,G-7/2,Occupied,A
2437,3/2-B,,G-7/2,Occupied,B
1884,3/2-C,,G-7/2,Occupied,C
449,3/2-C,,G-8/1,Occupied,C
541,3/2-D,,G-9/2,Occupied,D
1411,3/2-D,,I-8/1,Occupied,D
1246,3/2-E,,G-10/3,Occupied,E
847,3/3-A,,G-7/2,Occupied,A
507,3/3-A,,G-8/4,Occupied,A
700,3/3-A,,G-9/2,Occupied,A
735,3/3-A,,G-9/3,Occupied,A
311,3/3-B,,G-7/2,Occupied,B
478,3/3-C,,G-8/1,Occupied,C
530,3/3-D,,G-9/2,Occupied,D
1412,3/3-D,,I-8/1,Occupied,D
2347,3/3-E,,G-10/3,Occupied,E
418,3/4-A,,G-7/2,Occupied,A
1106,3/4-A,,G-8/4,Occupied,A
1940,3/4-A,,G-9/3,Occupied,A
1717,"3/4-B, M Road",,G-7/2,Occupied,B
1618,"3/4-B, MR",,G-7/2,Occupied,B
480,3/4-C,,G-8/1,Occupied,C
2167,3/4-D,,G-9/2,Occupied,D
1413,3/4-D,,I-8/1,Occupied,D
1640,3/4-E,,G-10/3,Occupied,E
1981,3/5-A,,G-7/2,Occupied,A
1095,3/5-A,,G-8/4,Occupied,A
736,3/5-A,,G-9/3,Occupied,A
1823,3/5-B,,G-7/2,Occupied,B
2700,3/5-C,,G-8/1,Occupied,C
2384,"3/5-C, St. 42",,G-7/2,,
535,3/5-D,,G-9/2,Occupied,D
1414,3/5-D,,I-8/1,Occupied,D
1161,3/5-E,,F-6/4,Occupied,E
1246-A,3/5-E,,G-10/3,Occupied,E
848,3/6-A,,G-7/2,Vacated,A
1105,3/6-A,,G-8/4,Occupied,A
737,3/6-A,,G-9/3,Occupied,A
2392,3/6-B,,G-7/2,Occupied,B
487,3/6-C,,G-8/1,Occupied,C
527-B,3/6-D,,G-9/2,Occupied,D
1415,3/6-D,,I-8/1,Occupied,D
1521,3/6-E,,G-10/3,Occupied,E
343,3/7-A,,G-7/2,Occupied,A
1099,3/7-A,,G-8/4,Occupied,A
738,3/7-A,,G-9/3,Occupied,A
1973,3/7-C,,G-8/1,Occupied,C
542,3/7-D,,G-9/2,,
1416,3/7-D,,I-8/1,Occupied,D
1523,3/7-E,,G-10/3,Occupied,E
1469,3/8-A,,G-7/2,Occupied,A
1102,3/8-A,,G-8/4,Occupied,A
728,3/8-A,,G-9/3,Occupied,A
479,3/8-C,,G-8/1,Occupied,C
533,3/8-D,,G-9/2,Occupied,D
1417,3/8-D,,I-8/1,Occupied,D
750,3/8-E,,G-10/3,Occupied,E
504,3/9-A,,G-8/4,Occupied,A
739,3/9-A,,G-9/3,Occupied,A
481,3/9-C,,G-8/1,Occupied,C
2460,3/9-D,,G-9/2,Occupied,D
1418,3/9-D,,I-8/1,Occupied,D
1459,30/15-A,,I-9/4,,
1526,30/1-F,,F-6/4,,
1100,30/2-A,,G-8/1,Occupied,A
191,302-A,,G-6/1-1,Occupied,A
188,305-A,,G-6/1-1,Occupied,A
242,306-C,,G-6/2,Occupied,C
1716,307-A,,G-6/1-1,Occupied,A
2040,307-C,,G-6/2,Occupied,C
184,308-A,,G-6/1-1,Occupied,A
1583,309-A,,G-6/1-1,Occupied,A
1359,30-A,,F-6/2,Vacated,A
1009,30-A,,G-6/1-2,Occupied,A
932,30-A,,G-6/2,Occupied,A
1470,30-A,,G-7/3-2,,
1149,31/10-B,,G-9/2,Occupied,B
1841,31/11-B,,G-9/2,Occupied,B
2052,31/12-B,,G-9/2,Occupied,B
574,31/13-B,,G-9/2,Occupied,B
2054,31/14-B,,G-9/2,Vacated,B
1925,31/15-B,,G-9/2,Vacated,B
1754,31/16-B,,G-9/2,,
571,31/1-B,,G-9/2,Occupied,B
572,31/2-B,,G-9/2,Occupied,B
1374,31/2-C,,I-9/4,Occupied,C
2357,31/3-B,,G-9/2,Occupied,B
1376,31/3-C,,I-9/4,,
2490,31/4-B,,G-9/2,Occupied,B
357,31/5-A,,G-7/4,Occupied,A
1140,31/5-B,,G-9/2,Occupied,B
1807,31/6-A,,G-7/4,Occupied,A
1956,31/6-B,,G-9/2,Occupied,B
1501,31/7-B,,G-9/2,Occupied,B
769,31/7-D,,G-10/3,Vacated,D
490,31/8-A,,G-8/1,Occupied,A
593,31/8-B,,G-9/2,Occupied,B
2127,31/9-B,,G-9/2,,B
1917,312-A,,G-6/1-1,Occupied,A
196,313-A,,G-6/1-1,Occupied,A
2432,314-A,,G-6/1-1,Occupied,A
1865,314-A,,G-7/3-4,Occupied,A
64,314-C,,G-6/1-4,Occupied,C
189,315-A,,G-6/1-1,Occupied,A
915,315-A,,G-7/3-4,Occupied,A
2500,316-A,,G-6/1-1,Occupied,A
147,316-B,,G-6/1-2,Occupied,B
1024,317-A,,G-6/1-1,Occupied,A
1714,318-A,,G-6/1-1,Occupied,A
483,318-A,,G-7/3-4,Occupied,A
1577,319-A,,G-6/1-1,Occupied,A
1185,31-A,,F-6/2,Occupied,A
1010,31-A,,G-6/1-2,Occupied,A
2398,31-A,,G-6/2,Occupied,A
924,31-A,,G-7/3-2,Occupied,A
1136,32/10-B,,G-9/2,Occupied,B
2266,32/11-B,,G-9/2,Occupied,B
2130,32/12-B,,G-9/2,Occupied,B
2245,32/13-B,,G-9/2,Occupied,B
1653,32/14-B,,G-9/2,Occupied,B
488,32/15-A,,G-8/1,Occupied,A
1152,32/15-B,,G-9/2,Occupied,B
2241,32/16-B,,G-9/2,Occupied,B
2709,32/1-A,,G-8/1,Occupied,A
2693,32/1-B,,G-9/2,Occupied,B
503,32/2-A,,G-8/1,Occupied,A
2688,32/2-B,,G-9/2,Occupied,A
2396,32/3-A,,G-8/1,Occupied,A
1891,32/3-B,,G-9/2,Occupied,B
491,32/4-A,,G-8/1,Occupied,A
2739,32/4-B,,G-9/2,Occupied,B
2128,32/5-B,,G-9/2,Occupied,B
1141-A,32/6-B,,G-9/2,Occupied,B
2507,32/7-B,,G-9/2,Occupied,B
2738,32/8-B,,G-9/2,Occupied,B
2236,32/9-B,,G-9/2,,
2200,320-A,,G-6/1-1,Occupied,A
194,321-A,,G-6/1-1,Occupied,A
237,321-B,,G-6/1-2,Occupied,B
1736,322-A,,G-6/1-1,Occupied,A
153,322-B,,G-6/1-2,Occupied,B
1025,323-A,,G-6/1-1,Occupied,A
363,323-A,,G-7/3-1,Occupied,A
14,323-E ( New 16-E),,G-6/4,Occupied,E
1035,324-A,,G-6/1-1,Occupied,A
1723,325-A,,G-6/1-1,Occupied,A
1850,325-B,,G-6/1-2,Occupied,B
185,326-A,,G-6/1-1,Occupied,A
2118,326-A,,G-7/3-1,,
1757,326-B,,G-6/1-2,Occupied,B
989,327-A,,G-6/1-1,Occupied,A
2073,327-B,,G-6/1-2,Occupied,B
186,328-A,,G-6/1-1,Occupied,A
414,328-A,,G-7/3-1,Occupied,A
2404,328-B,,G-6/1-2,Occupied,B
8-B,328-E,,G-6/4,Occupied,E
2149,329-A,,G-6/1-1,Occupied,A
329,329-A,,G-7/3-1,Occupied,A
1819,329-A,,G-7/3-4,,
1622-A,329-B,,G-6/1-2,Occupied,B
1686,32-A,,F-6/2,,A
1011,32-A,,G-6/1-2,,A
933,32-A,,G-6/2,Occupied,A
1575,32-A,,G-7/3-2,Occupied,A
1330,33/15-B,,G-10/3,Occupied,B
492,33/16-A,,G-8/1,Occupied,A
1920,330-A,,G-6/1-1,Occupied,A
148,330-B,,G-6/1-2,Occupied,B
2373,"330-B  St,13",,G-6/2,Occupied,B
436,331-A,,G-6/1-1,Occupied,A
2279,331-B,,G-6/1-2,Occupied,B
195,332-A,,G-6/1-1,Occupied,A
331,332-A,,G-7/3-1,Illegal,A
2467,332-B,,G-6/1-2,Occupied,B
1846,332-E,,G-6/4,,
990,333-A,,G-6/1-1,Occupied,A
2074,333-B,,G-6/1-2,Occupied,B
437,334-A,,G-6/1-1,Occupied,A
320,334-A,,G-7/3-1,Occupied,A
166,334-B,,G-6/1-2,Occupied,B
1725,335-A,,G-6/1-1,Occupied,A
1561,335-A,,G-7/3-1,Occupied,A
167,335-B,,G-6/2,Occupied,B
2182,335-C,,G-6/1-4,Occupied,C
1032,336-A,,G-6/1-1,Occupied,A
388,336-A,,G-7/3-1,Occupied,A
2696,337-A,,G-6/1-1,Occupied,A
762,337-A,,G-7/3-1,Occupied,A
149,337-B,,G-6/1-2,Occupied,B
1729,338-A,,G-6/1-1,Occupied,A
1922,339-A,,G-6/1-1,Occupied,A
1361,33-A,,F-6/2,,A
202,33-A,,G-6/1-2,Occupied,A
1358,33-A,,G-6/2,Occupied,A
906,33-A,,G-7/3-2,Occupied,A
246,33-D old 125-D,,G-6/4,Occupied,D
2169,34/13-A,,G-9/2,Occupied,A
1365,34/16-B,,I-9/4,Occupied,B
1622-B,34/5-B,,G-10/3,,
2562,340-A,,G-6/1-1,Occupied,A
1547,341-A,,G-7/3-3,Occupied,A
2293,341-A,,G-7/3-4,Occupied,A
133,342-B,,G-6/1-2,Occupied,B
1740,343-B,,G-6/1-2,,B
1622,343-C,,G-6/1-2,Occupied,C
65,343-C,,G-6/1-4,Occupied,C
2530,344-B,,G-6/1-2,Occupied,B
134,345-B,,G-6/1-2,Occupied,B
131,346-B,,G-6/1-2,Occupied,B
1842,346-E,,G-6/4,Occupied,E
846,348-B,,G-6/1-2,Occupied,B
1186,34-A,,F-6/2,Occupied,A
1012,34-A,,G-6/1-2,,A
934,34-A,,G-6/2,Occupied,A
2317,34-A,,G-7/3-2,Occupied,A
1780,34-D (137-D),,G-6/4,Occupied,D
2219,35/10-B,,G-9/2,Occupied,B
2572,35/10-E,,G-11/3,Occupied,E
1512,35/11-B,,G-9/2,Occupied,B
1809,35/12-B,,G-9/2,Occupied,B
1513,35/13-B,,G-9/2,Occupied,B
2703,35/14-B,,G-9/2,Occupied,B
2737,35/15-B,,G-9/2,Occupied,B
1976,35/16-B,,G-9/2,Occupied,B
1510,35/1-B,,G-9/2,Occupied,B
2694,35/2-B,,G-9/2,Occupied,B
605,35/3-B,,G-9/2,Occupied,B
1138,35/4-B,,G-9/2,Occupied,B
1836-A,35/5-B,,G-9/2,Occupied,B
2242,35/6-B,,G-9/2,Occupied,B
595,35/7-B,,G-9/2,Court Case,B
1331,35/8-B,,G-10/3,Vacated,
1141-B,35/8-B,,G-9/2,Occupied,B
1142,35/9-B,,G-9/2,Occupied,B
2571,35/9-E,,G-11/3,Vacated,E
1475,351-A,,G-7/3-3,Occupied,A
247,351-C,,G-6/1-4,Occupied,C
2010,352-B,,G-6/1-2,Occupied,B
2417,355-A,,G-7/3-4,,
1744,356-C,,G-6/1-4,Occupied,C
164,357-B,,G-6/1-2,Occupied,B
1910,358-A,,G-7/3-3,Occupied,A
1582,359-A,,G-6/1-1,Occupied,A
1187,35-A,,F-6/2,Occupied,A
174,35-A,,G-6/1-2,Occupied,A
935,35-A,,G-6/2,Occupied,A
2327,35-A(48 Quarter),,G-7/3-2,,
1776,35-D,,G-6/4,Occupied,D
1834-A,36/10-A,,G-8/1,Occupied,A
2330,36/10-B,,G-9/2,Occupied,B
2578,36/10-E,,G-11/3,Not Occupied,E
2551,36/11-A,,G-8/1,Occupied,A
575,36/11-B,,G-9/2,Occupied,B
776,36/11-C,,G-10/3,,
512,36/12-A,,G-10/3,,
511,36/12-A,,G-8/1,Occupied,A
1543,36/12-B,,G-9/2,Occupied,B
1855,36/13-A,,G-8/1,Occupied,A
1143,36/13-B,,G-9/2,Occupied,B
500,36/14-A,,G-8/1,Occupied,A
2706,36/14-B,,G-9/2,Vacated,B
2550,36/15-A,,G-8/1,Occupied,A
2489,36/15-B,,G-9/2,Occupied,B
501,36/16-A,,G-8/1,Occupied,A
2731,36/16-B,,G-9/2,Occupied,B
493,36/1-A,,G-8/1,Occupied,A
1753,36/1-B,,G-9/2,Occupied,B
505,36/2-A,,G-8/1,Occupied,A
1825,36/2-B,,G-7/1,Occupied,B
2655,36/2-B,,G-9/2,Occupied,B
494,36/3-A,,G-8/1,Occupied,A
2248,36/3-B,,G-9/2,Occupied,B
2004,36/4-A,,G-8/1,Occupied,A
601,36/4-B,,G-9/2,Occupied,B
509,36/5-A,,G-8/1,Occupied,A
2671,36/5-B,,G-9/2,Vacated,B
2573,36/5-E,,G-11/3,Occupied,E
2009,36/6-A,,G-8/1,Occupied,A
1694,36/6-B,,G-9/2,Occupied,B
2574,36/6-E,,G-11/3,Occupied,E
510,36/7-A,,G-8/1,Occupied,A
1651,36/7-B,,G-9/2,Occupied,B
2575,36/7-E,,G-11/3,Not Occupied,E
499,36/8-A,,G-8/1,Occupied,A
1835,36/8-B,,G-9/2,,
2576,36/8-E,,G-11/3,Occupied,E
502,36/9-A,,G-8/1,Occupied,A
2730,36/9-B,,G-9/2,Occupied,B
2577,36/9-E,,G-11/3,Occupied,E
395,362-A,,G-7/3-1,Occupied,A
5,362-E,,G-6/2,,
396,363-A,,G-7/3-1,Occupied,A
2681,364-A,,G-7/3-1,Occupied,A
113,364-B,,G-6/1-2,,
2302,366-A,,G-7/3-1,Occupied,A
2138,366-D,,G-6/1-4,Occupied,D
2300,367-A,,G-7/3-1,Occupied,A
112,367-B,,G-6/1-2,Occupied,B
364,368-A,,G-7/3-1,Occupied,A
790,369-A,,G-7/3-1,Occupied,A
1514,36-A,,F-6/2,,A
1013,36-A,,G-6/1-2,,A
936,36-A,,G-6/2,Occupied,A
2122,36-A,,G-7/3-2,Occupied,A
2583,37/10-E,,G-11/3,Occupied,E
2579,37/6-E,,G-11/3,Occupied,E
2580,37/7-E,,G-11/3,Not Occupied,E
2581,37/8-E,,G-11/3,Not Occupied,E
2582,37/9-E,,G-11/3,Occupied,E
822,370-A,,G-7/3-1,Occupied,A
135,370-B,,G-6/1-2,Occupied,B
170,371-B (New 46-B),,G-6/1-2,Occupied,B
823,372-A,,G-7/3-1,Occupied,A
912,372-A,,G-7/3-4,,
1982,373-A,,G-7/3-1,Occupied,A
171,373-B,,G-6/1-2,Occupied,B
328,374-A,,G-7/3-1,Occupied,A
1519-A,375-A,,G-7/3-1,Occupied,A
525,376-A,,G-7/3-1,Occupied,A
365,377-A,,G-7/3-1,Illegal,A
1617,377-B,,G-6/1-1,,B
332,378-A,,G-7/3-1,Occupied,A
6,378-E,,G-6/4,Occupied,E
1562,379-A,,G-7/3-1,Occupied,A
1515,37-A,,F-6/2,Vacated,A
1014,37-A,,G-6/1-2,Occupied,A
937,37-A,,G-6/2,Occupied,A
1073,37-B (142-B),,G-6/2,Occupied,B
2587,38/10-E,,G-11/3,Occupied,E
1964,38/3-D,,F-6/1,Occupied,D
2584,38/7-E,,G-11/3,Occupied,E
2585,38/8-E,,G-11/3,Not Occupied,E
2586,38/9-E,,G-11/3,Not Occupied,E
920,380-A,,G-7/3-1,Occupied,A
244,380-B,,G-6/1-2,Occupied,B
1555,381-A,,G-7/3-1,Occupied,A
2660,381-A,,G-7/3-4,Occupied,A
2071,381-B,,G-6/1-2,Occupied,B
2294,382-A,,G-7/3-1,,
2679,382-B,,G-6/1-2,Occupied,B
367,383-A,,G-7/3-4,Occupied,A
2303,384-A,,G-7/3-3,Occupied,A
1553,384-A,,G-7/3-4,Occupied,A
537,384-C,,G-6/1-2,,
1076,384-C,,G-6/2,Occupied,C
2115,385-A,,G-7/3-4,Occupied,A
102,385-C,,G-6/1-2,Occupied,C
1804,386-A,,G-7/3-4,Occupied,A
2461,386-C,,G-6/1-2,Occupied,C
1937,387-C,,G-6/1-2,Occupied,C
1443-A,387-D,,G-6/1-4,Occupied,D
9,387-E (old 29-E),,G-6/4,Occupied,E
400,388-A,,G-7/3-4,Occupied,A
1847,388-E,,G-6/4,,
2644,389-A,,G-7/3-4,Occupied,A
2343,389-E,,G-6/4,,
1188,38-A,,F-6/2,,A
1579,38-A,,G-6/1-2,Occupied,A
956,38-A,,G-6/2,Occupied,A
1738,38-A,,G-7/3-2,Occupied,A
2593,39/10-E,,G-11/3,Occupied,E
2588,39/5-E,,G-11/3,Occupied,E
2589,39/6-E,,G-11/3,Occupied,E
2590,39/7-E,,G-11/3,Not Occupied,E
2591,39/8-E,,G-11/3,Occupied,E
2592,39/9-E,,G-11/3,Occupied,E
321,390-A,,G-7/3-4,Occupied,A
66,390-C,,G-6/1-2,Occupied,C
913,391-A,,G-7/3-4,Occupied,A
67,395-C,,G-6/1-2,Occupied,C
2462,"396-C,St, 27",,G-6/1-2,Occupied,C
70,398-C,,G-6/1-2,Occupied,C
1189,39-A,,F-6/2,,A
1015,39-A,,G-6/1-2,Occupied,A
929,39-A,,G-6/2,Occupied,A
2653,39-A,,G-7/3-2,Vacated,A
248,39-B,,G-6/2,Occupied,B
1683,3-A,,F-6/2,Occupied,A
209,3-A,,G-6/2,Occupied,A
2143,3-A,,G-7/3-2,Not Occupied,A
1869,3-A,,Golf Cours,,SITE
1899,3-B,,G-6/2,Occupied,B
17,3-E,,G-6/2,Occupied,E
217,3-E,,G-7/2,Occupied,E
3,3-E (229-E),,G-6/4,Occupied,E
1867,4,,Golf Cours,,SITE
484,4/10-C,,G-8/1,Occupied,C
1435,4/10-D,,I-8/1,Occupied,D
2102,4/11-C,,G-8/1,Occupied,C
1436,4/11-D,,I-8/1,,D
2237,4/12-B,,G-11/4,,
2691,4/12-C,,G-8/1,Occupied,C
1437,4/12-D,,I-8/1,Occupied,D
461,4/13-C,,G-8/1,Occupied,C
1438,4/13-D,,I-8/1,Occupied,D
1895,"4/13-D, St. 6",,I-8/1,Vacated,D
1109,4/14-C,,G-8/1,Vacated,C
1449,"4/14-D, St 06",,I-8/1,Occupied,D
1439,"4/14-D, St 10",,I-8/1,Occupied,D
477,4/15-C,,G-8/1,Occupied,C
1440,"4/15-D, St. 10",,I-8/1,Occupied,D
2250,"4/15-D, St. 6",,I-8/1,Occupied,D
1111,4/16-C,,G-8/1,Occupied,C
1441,4/16-D,,I-8/1,Occupied,D
2543,"4/16-D, St.06",,I-8/1,Vacated,D
2485,4/1-A( 66 QTR),,G-7/2,Occupied,A
485,4/1-C,,G-8/1,,
431,4/1-C,,G-9/2,Occupied,C
1764,4/1-C St. 51,,G-7/2,Occupied,C
252,"4/1-C, St 43",,G-7/2,Occupied,C
1426,4/1-D,,I-8/1,Occupied,D
2352,4/1-E,,G-10/3,,
1155,4/1-F,,F-6/4,,
2698,4/2-A,,G-7/2,Occupied,A
386,"4/2-A, St.35",,G-7/2,Occupied,A
2110,4/2-B,,G-7/2,Occupied,B
2156,4/2-C,,G-8/1,Occupied,C
2161,4/2-C,,G-9/2,Occupied,C
254,"4/2-C, St 15",,G-7/2,Occupied,C
536,"4/2-C, St 51",,G-7/2,Occupied,C
1427,4/2-D,,I-8/1,Occupied,D
2353,4/2-E,,G-10/3,,
1815,4/3-A,,G-7/2,Occupied,A
258,4/3-C,,G-7/2,Occupied,C
2638,4/3-C,,G-8/1,Occupied,C
557,4/3-C,,G-9/2,Occupied,C
1428,4/3-D,,I-8/1,Occupied,D
747,4/3-E,,G-10/3,Occupied,E
2715,4/4-A,,G-7/2,Occupied,A
2211,4/4-B,,G-7/2,Occupied,B
486,4/4-C,,G-8/1,Occupied,C
559,4/4-C,,G-9/2,,
1429,4/4-D,,I-8/1,Occupied,D
2447,4/5-A 66 QTR,,G-7/2,Occupied,A
268,4/5-C,,G-7/2,Occupied,C
2658,4/5-C,,G-8/1,Vacated,C
1883,4/5-C,,G-9/2,Occupied,C
1430,4/5-D,,I-8/1,Occupied,D
2320,4/6 Cat-V,,G-6/1-1,,
1463,4/6-A,,G-7/2,Occupied,A
2567,4/6-A,,G-9/2,Occupied,A
2431,"4/6-A st,32",,G-7/2,Occupied,A
304,4/6-B,,G-7/4,Occupied,B
2648,"4/6-B, St. 18",,G-7/2,Occupied,B
2476,4/6-C,,G-8/1,Occupied,C
274,"4/6-C, St. 51",,G-7/2,Occupied,C
1431,4/6-D,,I-8/1,Occupied,D
346,4/7-A,,G-7/2,Occupied,A
1784,4/7-C,,G-8/1,Occupied,C
1432,4/7-D,,I-8/1,,D
756,4/7-E,,G-10/3,Occupied,E
1156,4/7-F,,F-6/4,,
403,4/8-A,,G-7/2,Occupied,A
1765-B,4/8-A,,G-9/2,,
2649,4/8-C,,G-8/1,Occupied,C
1433,4/8-D,,I-8/1,Occupied,D
748,4/8-E,,G-10/3,Occupied,E
1972,4/9-C,,G-8/1,Occupied,C
1434,4/9-D,,I-8/1,Occupied,D
1944,40/10-A,,G-9/2,Occupied,A
1375,40/10-C,,I-9/4,,
1119,40/11-A,,G-9/2,Occupied,A
2474,40/12-A,,G-9/2,Occupied,A
615,40/13-A,,G-9/2,Occupied,A
1943,40/14-A,,G-9/2,Occupied,A
1291-B,40/15-A,,G-9/2,Occupied,A
1296,40/16-A,,G-9/2,Occupied,A
2473,40/1-A,,G-9/2,Occupied,A
1953,40/1-B,,G-9/2,Occupied,B
1252,40/2-A,,G-9/2,Occupied,A
2477,40/2-B,,G-9/2,Occupied,B
1788,40/3-A,,G-9/2,Occupied,A
1137,40/3-B,,G-9/2,Vacated,B
2707,40/4-A,,G-9/2,Occupied,A
2455,40/4-B,,G-9/2,Occupied,B
1280,40/5-A,,G-9/2,Occupied,A
2594,40/5-E,,G-11/3,Occupied,E
2537-A,40/6-A,,G-9/2,Occupied,A
2595,40/6-E,,G-11/3,Vacated,E
2469,40/7-A,,G-9/2,Occupied,A
2596,40/7-E,,G-11/3,Occupied,E
1876,40/8-A,,G-9/2,Occupied,A
2597,40/8-E,,G-11/3,Occupied,E
2708,40/9-A,,G-9/2,Occupied,A
68,402-C,,G-6/1-2,Occupied,C
1715,403-C,,G-6/1-2,Occupied,C
1931,404-C,,G-6/1-2,Occupied,C
2527,406-C,,G-6/1-2,Occupied,C
2193,407-C,,G-6/1-2,Occupied,C
2188,407-C,,G-6/2,Occupied,C
1190,40-A,,F-6/2,Vacated,A
2399,40-A,,G-6/2,Occupied,A
907,40-A,,G-7/3-2,Occupied,A
175,40-A (13-A),,G-6/1-2,Occupied,A
1265,41/10-A,,G-9/2,Occupied,A
2607,41/10-E,,G-11/3,Occupied,E
720,41/11-A,,G-9/2,Occupied,A
2379,41/11-B,,G-9/2,,
1288,41/12-A,,G-9/2,,
617,41/13-A,,G-9/2,Occupied,A
616,41/14-A,,G-9/2,Occupied,A
1774,41/15-A,,G-9/2,Occupied,A
2513,41/16-A,,G-9/2,Occupied,A
1264,41/1-A,,G-9/2,Occupied,A
2598,41/1-E,,G-11/3,Occupied,E
1253,41/2-A,,G-9/2,Occupied,A
2599,41/2-E,,G-11/3,Occupied,E
1704,41/3-A,,G-9/2,,
2600,41/3-E,,G-11/3,Occupied,E
622,41/4-A,,G-9/2,Occupied,A
2601,41/4-E,,G-11/3,Occupied,E
1786-A,41/5-A,,G-9/2,Occupied,A
2602,41/5-E,,G-11/3,Occupied,E
1266,41/6-A,,G-9/2,Occupied,A
2603,41/6-E,,G-11/3,Occupied,E
2284,41/7-A,,G-9/2,Occupied,A
2604,41/7-E,,G-11/3,Not Occupied,E
2368,41/8-A,,G-9/2,Occupied,A
2605,41/8-E,,G-11/3,Occupied,E
1289,41/9-A,,G-9/2,Occupied,A
2606,41/9-E,,G-11/3,Not Occupied,E
71,411-C,,G-6/1-3,Occupied,C
2278,411-C,,G-6/2,Occupied,C
2181,412-C,,G-6/1-3,Occupied,C
103,413-C (New 111-C),,G-6/1-3,Occupied,C
23,413-D,,G-6/1-4,,
7,413-E,,G-6/4,,
914,414-A,,G-7/3-4,,
69,417-C,,G-6/1-3,Occupied,C
1532,418-C,,G-6/1-3,Occupied,C
2141,419-A,,G-6/1-1,Occupied,A
72,419-C,,G-6/1-3,Occupied,C
1191,41-A,,F-6/2,Occupied,A
1016,41-A,,G-6/1-2,,A
957,41-A,,G-6/2,Occupied,A
908,41-A,,G-7/3-2,Occupied,A
1498,42/10-B,,G-9/2,Occupied,B
1839,42/11-B,,G-9/2,,
2502,42/12-B,,G-9/2,Occupied,B
2053,42/13-B,,G-9/2,Occupied,B
1689,42/14-B,,G-9/2,Occupied,B
2690,42/15-B,,G-9/2,Occupied,B
1655,42/16-B,,G-9/2,Occupied,B
576,42/1-B,,G-9/2,Vacated,B
1889,42/2-B,,G-9/2,Occupied,B
2608,42/2-E,,G-11/3,Occupied,E
1147,42/3-B,,G-9/2,Occupied,B
2609,42/3-E,,G-11/3,Occupied,E
2132,42/4-B,,G-9/2,Occupied,B
2610,42/4-E,,G-11/3,Occupied,E
1695,42/5-B,,G-9/2,Occupied,B
2611,42/5-E,,G-11/3,Vacated,E
1818,42/6-A,,G-7/4,Occupied,A
1151,42/6-B,,G-9/2,Vacated,B
2612,42/6-E,,G-11/3,Occupied,E
598,42/7-B,,G-9/2,Occupied,B
2613,42/7-E,,G-11/3,Occupied,E
577,42/8-B,,G-9/2,Occupied,B
2614,42/8-E,,G-11/3,Occupied,E
2055,42/9-B,,G-9/2,Occupied,B
2526,420-C,,G-6/1-3,Occupied,C
1538,421-C,,G-6/1-3,Occupied,C
1936,422-C,,G-6/1-3,Occupied,C
2274,423-C,,G-6/1-3,Occupied,C
368,424-A,,G-7/3-4,Occupied,A
1932,424-C,,G-6/1-3,Occupied,C
1192,42-A,,F-6/2,Vacated,A
1017,42-A,,G-6/1-2,,
958,42-A,,G-6/2,Occupied,A
1792,42-A,,G-7/3-2,Occupied,A
2204,42-Cat-II,,I-8/1,Occupied,G
231,42-D,,G-7/3-2,Occupied,D
2334,43/10,,G-9/2,,
2622,43/10-E,,G-11/3,Not Occupied,E
2335,43/11,,G-9/2,,
2336,43/12,,G-9/2,,
2337,43/13,,G-9/2,,
2220,43/13-B,,G-9/2,,
2338,43/14,,G-9/2,,
2221,43/14-B,,G-9/2,,
2339,43/15,,G-9/2,,
2222,43/15-B,,G-9/2,,
2340,43/16,,G-9/2,,
2223,43/16-B,,G-9/2,,
2496,43/1-A,,G-7/4,Occupied,A
1487,43/1-B,,G-7/1,Occupied,B
1654,43/1-B,,G-9/2,Occupied,B
2615,43/1-E,,G-11/3,Occupied,E
416,43/2-A,,G-7/4,Occupied,A
2246,43/2-B,,G-9/2,Occupied,B
2333,43/3,,G-9/2,,
2616,43/3-E,,G-11/3,Not Occupied,E
1915,43/4-A,,G-7/4,Occupied,A
578,43/4-B,,G-9/2,Occupied,B
1667,43/5-A,,G-7/4,Occupied,A
579,43/5-B,,G-9/2,Occupied,B
2617,43/5-E,,G-11/3,Occupied,E
590,43/6-B,,G-9/2,Occupied,B
2618,43/6-E,,G-11/3,Occupied,E
580,43/7-B,,G-9/2,Vacated,B
2619,43/7-E,,G-11/3,Occupied,E
1979,43/8-B,,G-9/2,Occupied,B
2620,43/8-E,,G-11/3,Vacated,E
602,43/9-B,,G-9/2,Occupied,B
2621,43/9-E,,G-11/3,Occupied,E
1730,431-A,,G-6/1-1,Occupied,A
73,434-C,,G-6/1-2,Occupied,C
160,436-B,,G-6/2,Occupied,B
2630,437-A St. 71,,G-6/1-1,Occupied,A
1711,438-C,,G-6/1-3,Occupied,C
110,439-A,,G-6/1-1,Occupied,A
1193,43-A,,F-6/2,,A
1033,43-A,,G-6/1-2,,A
959,43-A,,G-6/2,Illegal,A
2629,44/10-E,,G-11/3,Occupied,E
2623,44/4-E,,G-11/3,Not Occupied,E
2624,44/5-E,,G-11/3,Occupied,E
2625,44/6-E,,G-11/3,Not Occupied,E
2626,44/7-E,,G-11/3,Not Occupied,E
2627,44/8-E,,G-11/3,Occupied,E
2628,44/9-E,,G-11/3,Occupied,E
1536,440-C,,G-6/1-2,Occupied,C
2495,442-B,,G-7/3-1,Occupied,B
2276,442-C,,G-6/1-2,Occupied,C
1580,442-C,,G-6/1-3,Occupied,C
74,443-C,,G-6/1-3,Occupied,C
1858,444-C,,G-6/1-2,Occupied,C
2271,444-C,,G-6/1-3,Occupied,C
1083,445-C,,G-6/1-2,,C
1988,445-C,,G-6/1-3,Occupied,C
59,446-C,,G-6/1-2,Occupied,C
59-A,446-C,,G-6/1-3,Occupied,C
2497,447-C,,G-6/1-2,Occupied,C
1989,447-C,,G-6/1-3,Occupied,C
75,448-C,,G-6/1-2,,
1235,44-A,,F-6/2,,A
1018,44-A,,G-6/1-2,Occupied,A
960,44-A,,G-6/2,Occupied,A
1795,44-A,,G-7/3-2,Occupied,A
2205,44Cat-I,,I-8/1,,
619,45/14-A,,G-9/2,,
1165,45/1-D,,F-6/1,,
1539,450-C,,G-6/1-2,Occupied,C
1742,451-C,,G-6/1-2,,
2467-A,451-C,,G-6/1-3,Occupied,C
1935,452-C,,G-6/1-3,Occupied,C
2684,453-C,,G-6/1-2,Occupied,C
2186,453-C,,G-6/1-3,Occupied,C
2635,454-C,,G-6/1-2,Occupied,C
76,455-C,,G-6/1-2,Occupied,C
1079,456-C,,G-6/1-3,,
136,457-B,,G-6/1-2,Occupied,B
91,457-C,,G-6/1-3,Occupied,C
1990,458-C,,G-6/1-3,Occupied,C
1089,459-C,,G-6/1-3,Occupied,C
1588,459-C,,G-7/3-1,Occupied,C
1194,45-A,,F-6/2,Vacated,A
961,45-A,,G-6/2,Occupied,A
909,45-A,,G-7/3-2,Occupied,A
2345,45-E Old 379-E,,G-6/4,Occupied,E
40,45-F ( New 4-F ),,G-6/3,Occupied,F
2568,46/10-A,,G-9/2,Occupied,A
2362,46/11-A,,G-9/2,,
2363,46/12-A,,G-9/2,,
2365,46/14-A,,G-9/2,,
2366,46/15-A,,G-9/2,,
2367,46/16-A,,G-9/2,,
2535,46/1-A,,G-9/2,Occupied,A
2364,46/23-A,,G-9/2,,
2288,46/2-A,,G-9/2,,
1254,46/3-A,,G-9/2,Occupied,A
719,46/4-A,,G-9/2,Occupied,A
2360,46/5-A,,G-9/2,,
2403,"46/5-B, St 70",,G-7/1,Occupied,B
1295,46/6-A,,G-9/2,,
1132,46/7-A,,G-9/2,Occupied,A
2361,46/8-A,,G-9/2,,
2070,461-B,,G-6/1-2,Occupied,B
261,461-C,,G-7/3-1,,
1063,462-B,,G-6/1-2,Occupied,B
1072,463-B,,G-6/1-2,Occupied,B
1901,464-B,,G-6/1-2,Occupied,B
117,465-B,,G-6/1-2,Occupied,B
56,465-C,,G-6/1-3,Occupied,C
243,466-B,,G-6/1-2,Occupied,B
116,467-B,,G-6/1-2,Occupied,B
1039,468-B,,G-6/1-2,,B
2038,468-C,,G-6/1-3,Occupied,C
1535,469-C,,G-6/1-3,,
1363,46-A,,F-6/2,Vacated,A
197,46-A,,G-6/1-2,Occupied,A
1029,46-A,,G-6/2,Occupied,A
1767,46-A,,G-7/3-2,Occupied,A
1166,47/1-D,,F-6/1,Occupied,D
369,470-A,,G-7/3-4,Occupied,A
1612,470-B,,G-6/1-2,,
1533,470-C,,G-6/1-3,,C
1040,471-B,,G-6/1-2,Occupied,B
1747,471-C,,G-6/1-3,Occupied,C
156,472-B,,G-6/1-2,Occupied,B
77,473-C,,G-6/1-3,Occupied,C
159,476-B,,G-6/1-2,Occupied,B
1568,478-B,,G-6/1-2,Occupied,B
99,478-C,,G-6/1-3,,
2277,479-C,,G-6/1-3,Occupied,C
1746,479-C,,G-6/1-4,Occupied,C
1519,47-A,,F-6/2,,A
176,47-A,,G-6/1-2,Occupied,A
2148,47-A,,G-6/2,Illegal,A
910,47-A,,G-7/3-2,Occupied,A
233,47-D,,G-7/3-2,Occupied,D
603,48/10-B,,G-9/2,Occupied,B
2131,48/11-B,,G-9/2,Vacated,B
2732,48/12-B,,G-9/2,Occupied,B
1133,48/1-B,,G-9/2,Occupied,B
309,48/2-B,,G-7/1,Occupied,B
600,48/2-B,,G-9/2,Occupied,B
2409,48/3-B,,G-7/1,,
1977-A,48/3-B,,G-9/2,Occupied,B
1507,48/4-B,,G-9/2,Occupied,B
582,48/5-B,,G-9/2,Occupied,B
2505,48/6-B,,G-9/2,Occupied,B
581,48/7-B,,G-9/2,Occupied,B
583,48/8-B,,G-9/2,Occupied,B
606,48/9-B,,G-9/2,Occupied,B
1800,481-B,,G-6/1-2,Occupied,B
78,481-C,,G-6/1-3,Occupied,C
2321,482-B,,G-6/1-2,Occupied,B
2146,482-C,,G-6/1-3,Occupied,C
1041,483-B,,G-6/1-2,Occupied,B
2042,483-C,,G-6/1-3,Occupied,C
2645,484-B,,G-6/1-2,Occupied,B
2498,485-B,,G-6/1-2,Occupied,B
2358,485-C,,G-6/1-3,Occupied,C
2499,486-B,,G-6/1-2,Occupied,B
1042,487-B,,G-6/1-2,Occupied,B
2466,487-C,,G-6/1-3,Occupied,C
1043,488-B,,G-6/1-2,Occupied,B
92,488-C,,G-6/1-3,Occupied,C
1195,48-A,,F-6/2,Occupied,A
1019,48-A,,G-6/1-2,Occupied,A
962,48-A,,G-6/2,Occupied,A
1771,49/13-B,,G-9/2,Occupied,B
298,49/1-B,,G-7/1,Occupied,B
235,"49/6-B, St. 71",,G-7/1,Occupied,B
115,490-B,,G-6/1-2,Occupied,B
79,490-C,,G-6/1-3,Occupied,C
53,491-C,,G-6/1-3,Occupied,C
132,492-B,,G-6/1-2,Occupied,B
1085,492-C,,G-6/1-3,Occupied,C
1987,493-C,,G-6/1-3,Occupied,C
1862,495-A,,G-7/3-4,Occupied,A
1082,495-C,,G-6/1-3,Occupied,C
415,497-A,,G-7/3-4,Occupied,A
1816,498-A,,G-7/3-4,Occupied,A
2719,498-B,,G-6/1-2,Occupied,B
80,499-C,,G-6/1-3,Occupied,C
1196,49-A,,F-6/2,Occupied,A
1020,49-A,,G-6/1-2,Occupied,A
963,49-A,,G-6/2,Occupied,A
1566,49-A,,G-7/3-1,Vacated,A
2322,49-F St 04,,G-6/3,,
1364,4-A,,F-6/2,,A
992,4-A,,G-6/1-2,Occupied,A
210,4-A,,G-6/2,Occupied,A
322,4-A,,G-7/3-2,Occupied,A
1958,4-B New 8-B,,G-6/2,Occupied,B
2267,4-D(Old 130-D),,G-6/2,Occupied,D
18,4-E,,G-6/2,Occupied,E
223,4-E,,G-7/2,Occupied,E
1270,5/10-A,,G-9/3,Occupied,A
621,5/11-A,,G-9/3,Occupied,A
1128,5/12-A,,G-9/3,Occupied,A
1129,5/13-A,,G-9/2,,
1380,5/13-D,,I-8/1,Occupied,D
1381,5/14-D,,I-8/1,Occupied,D
1894,5/15-D,,I-8/1,Occupied,D
2260,5/16-D,,I-8/1,Occupied,D
849,5/1-A,,G-7/2,Vacated,A
2712,5/1-A,,G-9/3,Occupied,A
850,5/2-A,,G-7/2,Occupied,A
1238,5/2-A,,G-9/3,Occupied,A
1659,5/2-B,,G-7/2,Occupied,B
2639,"5/2-C, St. 42",,G-7/2,Occupied,C
1641,5/2-E,,G-10/3,,
851,5/3-A,,G-7/2,Occupied,A
2285,5/3-A,,G-9/3,Occupied,A
288,5/3-B,,G-7/2,Occupied,B
2435,5/3-C,,G-7/2,,
2726,5/4-A,,G-9/3,Occupied,A
1805-A,5/4-A (66 QTRs),,G-7/2,Vacated,A
1718,"5/4-A, St. 07",,G-7/2,Occupied,A
1805,"5/4-A, St. 35",,G-7/2,,
2641,"5/4-A, St. 8",,G-7/2,Occupied,A
286,"5/4-B, M Road",,G-7/2,Occupied,B
398,5/5-A,,G-7/2,,
1239,5/5-A,,G-9/3,Occupied,A
2059,5/5-B,,G-7/2,Occupied,B
1484,5/5-B,,G-7/4,Occupied,B
852,5/6-A,,G-7/2,Occupied,A
1114,5/6-A,,G-9/3,Occupied,A
2436,5/6-B,,G-7/2,Occupied,B
853,5/7-A,,G-7/2,Occupied,A
1127,5/7-A,,G-9/3,Occupied,A
2401,5/8-A,,G-7/2,Occupied,A
1240,5/8-A,,G-9/3,Occupied,A
740,5/9-A,,G-9/3,Occupied,A
2405,50/4-B,,G-7/1,,
2673,50/5-A,,G-7/4,Occupied,A
1080,500-C,,G-6/1-3,Occupied,C
2272,501-C,,G-6/1-3,Occupied,C
2273,502-C,,G-6/1-3,Occupied,C
81,502-C,,G-6/1-4,Occupied,C
370,503-A,,G-7/3-4,Occupied,A
107,503-C,,G-6/1-3,Occupied,C
420,504-A,,G-7/3-4,Occupied,A
82,504-C,,G-6/1-3,Occupied,C
38,"504-F,",,G-6/4,,
371,505-A,,G-7/3-4,Occupied,A
410,506-A,,G-7/3-4,,
1992,507-C,,G-6/1-3,Occupied,C
2344,507-F,,G-6/4,,
2643,508-A,,G-7/3-4,Occupied,A
2039,508-C,,G-6/1-3,Occupied,C
482,509-A,,G-7/3-4,Occupied,A
98,509-C,,G-6/1-3,Occupied,C
1197,50-A,,F-6/2,,A
432,50-A,,G-6/1-2,Occupied,A
964,50-A,,G-6/2,Occupied,A
377,51/2-A,,G-7/4,Occupied,A
2536,51/9-A,,G-9/2,,
1671,510-C,,G-6/1-3,Occupied,C
1745,511-C,,G-6/1-3,Occupied,C
61,512-C (New 154-C),,G-6/1-3,Occupied,C
1755,513-B,,G-6/1-2,Occupied,B
820,513-C,,G-6/1-3,Occupied,C
118,514-B,,G-6/1-2,Occupied,B
1741,515-C,,G-6/1-3,Occupied,C
1761,516-B,,G-6/1-2,Occupied,B
1857,516-C,,G-6/1-3,Occupied,C
2695,518-B,,G-6/1-2,Occupied,B
84,519-C,,G-6/1-3,Occupied,C
1198,51-A,,F-6/2,Occupied,A
965,51-A,,G-6/2,Occupied,A
2264,51-D,,G-6/4,Occupied,D
620,52/16-A,,G-9/2,,
265,52/2-C,,G-7/2,Occupied,C
249,52/4-C,,G-7/2,Occupied,C
278,52/5-C,,G-7/2,Occupied,C
1594,52/6-C,,G-7/2,Occupied,C
158,521-B,,G-6/1-2,Occupied,B
1832,524-D,,G-6/2,Occupied,D
168,526-B,,G-6/1-2,Occupied,B
109,526-C,,G-6/1-3,Occupied,C
1959,527-B,,G-6/1-2,Occupied,B
2185,527-C,,G-6/1-3,Occupied,C
2465,"528-B, St 53",,G-6/1-2,Occupied,B
1199,52-A,,F-6/2,Occupied,A
177,52-A,,G-6/1-2,Occupied,A
966,52-A,,G-6/2,Occupied,A
921,52-A,,G-7/3-1,Occupied,A
1453,52-G Cat-II,,I-8/1,Occupied,G
1367,53/3-B,,I-9/4,Vacated,B
55-B,53/6-B,,G-7/1,Occupied,B
1682,530-B,,G-6/1-2,Occupied,B
1611,531-B,,G-6/1-2,Occupied,B
1934,531-C,,G-6/1-3,Occupied,C
49,532-B,,G-6/1-2,Occupied,B
85,532-C,,G-6/1-3,Occupied,C
93,532-C,,G-6/1-4,Occupied,C
86,533-C,,G-6/1-3,Occupied,C
1065,534-B,,G-6/1-2,,
105,534-C,,G-6/1-3,Occupied,C
2189,535-C,,G-6/1-4,Occupied,C
1429-A,"535-C, St. 35",,G-6/1-3,Occupied,C
2546,537-C,,G-6/1-3,Occupied,C
2184,538-C,,G-6/1-3,Occupied,C
1743,539-C,,G-6/1-3,Occupied,C
1200,53-A,,F-6/2,Vacated,A
2656,53-A,,G-6/1-2,Occupied,A
967,53-A,,G-6/2,Occupied,A
45,53-D,,G-6/4,Occupied,D
1456,53-G Cat-II,,I-8/1,Occupied,G
777,54/15-C,,G-10/3,Occupied,C
1886,54/1-C,,G-7/2,Occupied,C
260,54/2-C,,G-7/2,Occupied,C
2062,54/3-B,,G-7/1,Occupied,B
2085,54/3-C,,G-7/2,Occupied,C
2430,54/4-C,,G-7/2,Occupied,C
281,54/5-C,,G-7/2,Occupied,C
2426,54/6-C,,G-7/2,Occupied,C
87,540-C,,G-6/1-3,Occupied,C
88,541-C,,G-6/1-3,Occupied,C
1708,543-C,,G-6/1-3,Occupied,C
96,544-C,,G-6/1-4,Occupied,C
1991,546-C,,G-6/1-3,Occupied,C
1587,547-C,,G-6/1-3,Occupied,C
1044,549-B,,G-6/1-2,Occupied,B
1201,54-A,,F-6/2,,A
178,54-A,,G-6/1-2,Occupied,A
968,54-A,,G-6/2,Occupied,A
1529,54-G(old 27-G),,F-6/4,,
291,55/2-B,,G-7/1,Occupied,B
2214,"55/5-B, St. 71",,G-7/1,Occupied,B
1045,550-B,,G-6/1-2,Occupied,B
1961,551-B,,G-6/1-2,Occupied,B
89,551-C,,G-6/1-3,Occupied,C
1066,552-B,,G-6/1-2,Occupied,B
1938,552-C,,G-6/1-3,Occupied,C
1067,553-B,,G-6/1-2,,
1756-B,554-B,,G-6/1-2,Occupied,B
1960,558-B,,G-6/1-2,Occupied,B
1750,559-B,,G-6/1-2,Occupied,B
90,559-C,,G-6/1-3,Occupied,C
1203,55-A,,F-6/2,,A
179,55-A,,G-6/1-2,Occupied,A
969,55-A,,G-6/2,Occupied,A
1077,55-B,,G-6/2,Occupied,B
1778-B,55-D (9-D),,G-6/4,Occupied,D
2450,56/1-B,,G-9/2,Occupied,B
2642,56/1-C,,G-7/2,Vacated,C
588,56/2-B,,G-9/2,Occupied,B
1599,56/2-C,,G-7/2,Occupied,C
2114,56/3-A,,G-7/4,Occupied,A
273,56/3-C,,G-7/2,Occupied,C
1885,56/4-C,,G-7/2,Occupied,C
2408,56/5-B,,G-7/1,Occupied,B
269,56/6-C,,G-7/2,Occupied,C
1997,56/7-B,,G-10/3,Occupied,B
106,560-C,,G-6/1-3,,
161,561-B,,G-6/1-2,Occupied,B
2043,561-C,,G-6/1-3,Occupied,C
119,562-B,,G-6/1-2,Occupied,B
1902,564-B,,G-6/1-2,Occupied,B
1900,565-B,,G-6/1-2,Occupied,B
129,567-B,,G-6/1-2,Occupied,B
1576,568-B,,G-6/1-2,Occupied,B
1480,568-B,,G-7/3-1,Occupied,B
1112,569-B,,G-6/1-2,Occupied,B
312,569-B,,G-7/3-1,Occupied,B
1202,56-A,,F-6/2,,A
187,56-A,,G-6/1-2,Occupied,A
970,56-A,,G-6/2,Occupied,A
1962,56-B New 17-B,,G-6/2,Occupied,B
1691,57/13-B,,G-9/2,Occupied,B
1173,57/1-D,,F-6/1,Occupied,D
2632,57/2-D,,F-6/1,Occupied,D
1967,57/3-D,,F-6/1,Occupied,D
1172,57/4-D,,F-6/1,Occupied,D
1713,57/5-D,,F-6/1,Occupied,D
1713-A,57/6-D,,F-6/1,Occupied,D
114,570-B,,G-6/1-2,Occupied,B
1681,571-B,,G-6/1-2,Occupied,B
122,572-B,,G-6/1-2,,
108,573-C,,G-6/1-3,Occupied,C
2318,574-B,,G-6/1-2,Occupied,B
2013,575-B,,G-6/1-2,Occupied,B
120,576-B,,G-6/1-2,Occupied,B
2072,577-B,,G-6/1-2,Court Case,B
2434,577-C,,G-6/1-4,Occupied,C
1046,578-B,,G-6/1-2,Occupied,B
1071,579-B,,G-6/1-2,Occupied,B
1204,57-A,,F-6/2,Occupied,A
180,57-A,,G-6/1-2,Occupied,A
971,57-A,,G-6/2,Occupied,A
1680,57-B,,G-6/2,,
1833,57-D,,G-6/2,Occupied,D
2479,58/9-B,,G-9/2,,
1903,580-B,,G-6/1-2,,B
154,581-B,,G-6/1-2,Occupied,B
2670,582-B,,G-6/1-2,Occupied,B
1570,584-B,,G-6/1-2,Occupied,B
1086,584-C,,G-6/1-3,,
2685,585-B,,G-6/1-2,Occupied,B
55,585-C,,G-6/1-3,Occupied,C
101,586-C,,G-6/1-3,Occupied,C
1860,587-C,,G-6/1-3,Occupied,C
2217,588-B,,G-6/1-2,Occupied,B
1758,589-B,,G-6/1-2,Occupied,B
2716,58-A,,F-6/2,Occupied,A
1735,58-A,,G-6/1-2,Occupied,A
972,58-A,,G-6/2,Occupied,A
2011,58-B,,G-6/2,Occupied,B
1800-A,590-B,,G-6/1-2,Occupied,B
2275,590-C,,G-6/1-3,,
1047,591-B,,G-6/1-2,Occupied,B
1048,592-B,,G-6/1-2,Occupied,B
1049,593-B,,G-6/1-2,Occupied,B
121,594-B,,G-6/1-2,Occupied,B
1062,595-B,,G-6/1-2,,
2262,595-D,,G-6/2,Occupied,D
1756,596-B,,G-6/1-4,Occupied,B
2160,597-B,,G-6/1-2,Occupied,B
1602,59-A,,F-6/2,Occupied,A
1022,59-A,,G-6/1-2,,A
1918,59-A,,G-6/2,,A
1175,5-A,,F-6/2,Occupied,A
172,5-A,,G-6/1-2,Occupied,A
942,5-A,,G-6/2,Occupied,A
894,5-A,,G-7/3-2,Occupied,A
1790,5-A,,G-7/4,Occupied,A
2480,5-B,,G-6/2,Occupied,B
19,5-E,,G-6/2,Occupied,E
215,5-E,,G-7/2,Occupied,E
1446,5-G Catt-II,,I-8/1,Occupied,G
1297,6/10-A,,G-9/3,Occupied,A
1124,6/11-A,,G-9/3,Occupied,A
1243,6/12-A,,G-9/3,Occupied,A
1897,6/13-D,,I-8/1,Vacated,D
2253,6/14-D,,I-8/1,Vacated,D
1458,"6/15, Catt-V",,I-9/4,Occupied,B
1383-B,6/15-D,,I-8/1,Occupied,D
1451,6/16-D,,I-8/1,Occupied,D
1898,6/16-D,,I-8/1,Occupied,
380,6/1-A,,G-7/2,Occupied,A
1241,6/1-A,,G-9/3,Occupied,A
1879,6/1-C,,G-9/2,Occupied,C
1595,"6/1-C, St. 42",,G-7/2,Occupied,C
284,"6/1-C, St. 51",,G-7/2,Occupied,C
1382,6/1-D,,I-8/1,Occupied,D
854,6/2-A,,G-7/2,Vacated,A
2470,6/2-A,,G-9/3,Occupied,A
2195,6/2-C,,G-9/2,Occupied,C
272,"6/2-C, St. 51",,G-7/2,Occupied,C
341,6/3-A,,G-7/2,Occupied,A
684,6/3-A,,G-9/3,Occupied,A
1597,6/3-C,,G-7/2,Occupied,C
2722,6/3-C,,G-9/2,Vacated,C
2140,"6/3-C, St. 33",,G-7/1,Occupied,C
342,6/4-A,,G-7/2,Occupied,A
741,6/4-A,,G-9/3,Occupied,A
2295,"6/4-A, St. 08",,G-7/2,Occupied,A
1491,6/4-B,,G-7/2,Occupied,B
1153,6/4-B,,G-9/2,Occupied,B
1879-B,6/4-C,,G-9/2,Occupied,C
2705,"6/4-C, St. 51",,G-7/2,Occupied,C
855,6/5-A,,G-7/2,Occupied,A
1242,6/5-A,,G-9/3,Occupied,A
547,6/5-C,,G-9/2,Occupied,C
280,"6/5-C, St. 51",,G-7/2,Occupied,C
2035,6/6-A,,G-7/2,Vacated,A
2723,6/6-A,,G-9/3,Occupied,A
2086,6/6-C St. 51,,G-7/2,Occupied,C
257,"6/6-C, St. 42",,G-7/2,Occupied,C
275,"6/6-C, St. 43",,G-7/2,Occupied,C
2717,6/7-A,,G-9/3,Occupied,A
2542,"6/7-A, st 2(FC)",,G-7/2,Occupied,A
2729,6/8-A,,G-7/2,Vacated,A
742,6/8-A,,G-9/3,Occupied,A
2472,6/9-A,,G-9/3,Occupied,A
805,60/10-B,,G-10/3,Occupied,B
1994,60/11-B,,G-10/3,Occupied,B
1624,60/12-B,,G-10/3,Occupied,B
1314,60/13-B,,G-10/3,Occupied,B
1626,60/14-B,,G-10/3,Occupied,B
2522,60/14-B,,G-9/2,Occupied,B
1317,60/15-B,,G-10/3,Occupied,B
2391,60/16-B,,G-10/3,Occupied,B
800,60/1-B,,G-10/3,Occupied,B
784,60/2-B,,G-10/3,Occupied,B
801,60/3-B,,G-10/3,Occupied,B
785,60/4-B,,G-10/3,Occupied,B
786,60/5-B,,G-10/3,Occupied,B
802,60/6-B,,G-10/3,Occupied,B
803,60/7-B,,G-10/3,Vacated,B
804,60/8-B,,G-10/3,Vacated,B
2457,60/9-B,,G-10/3,Occupied,B
864,603-A,,G-7/3-1,Occupied,A
824,604-A,,G-7/3-1,Occupied,A
825,605-A,,G-7/3-1,Occupied,A
1814,606-A,,G-7/3-1,Occupied,A
826,607-A,,G-7/3-1,Occupied,A
827,608-A,,G-7/3-1,Occupied,A
828,609-A,,G-7/3-1,Occupied,A
1205,60-A,,F-6/2,,A
1023,60-A,,G-6/1-2,Occupied,A
973,60-A,,G-6/2,Occupied,A
25,60-D,,G-6/4,,
1993,61/10-B,,G-10/3,Occupied,B
1628,61/11-B,,G-10/3,Occupied,B
796,61/12-B,,G-10/3,Occupied,B
797,61/13-B,,G-10/3,Occupied,B
2231,61/14-B,,G-10/3,Occupied,B
1995,61/15-B,,G-10/3,Occupied,B
798,61/16-B,,G-10/3,Occupied,B
1646,61/1-B,,G-10/3,Occupied,B
2554,61/1-B,,G-7/1,Occupied,B
1315,61/2-B,,G-10/3,Occupied,B
2057,61/2-B,,G-9/2,Occupied,B
1325,61/3-B,,G-10/3,Occupied,B
1328,61/4-B,,G-10/3,Occupied,B
1644,61/5-B,,G-10/3,Occupied,B
1632,61/6-B,,G-10/3,Occupied,B
1327,61/7-B,,G-10/3,Occupied,B
799,61/8-B,,G-10/3,Occupied,B
1629,61/9-B,,G-10/3,,
335,610-A,,G-7/3-1,Occupied,A
829,611-A,,G-7/3-1,Occupied,A
830,612-A,,G-7/3-1,Occupied,A
832,613-A,,G-7/3-1,Occupied,A
2494,613-B,,G-7/3-4,Occupied,B
2493,614-A,,G-7/3-1,Occupied,A
833,615-A,,G-7/3-1,Occupied,A
863,616-A,,G-7/3-1,,
834,617-A,,G-7/3-1,Occupied,A
835,618-A,,G-7/3-1,Not Occupied,A
836,619-A,,G-7/3-1,Occupied,A
2483,619-B,,G-7/3-4,Occupied,B
1206,61-A,,F-6/2,Vacated,A
1036,61-A,,G-6/1-2,,A
181,61-A,,G-6/2,Occupied,A
2083,61-B,,G-6/1-1,,
1316,62/10-B,,G-10/3,Occupied,B
2191,62/11-B,,G-10/3,Occupied,B
1625,62/12-B,,G-10/3,Occupied,B
1649,62/13-B,,G-10/3,Occupied,B
1322,62/14-B,,G-10/3,Vacated,B
1333,62/15-B,,G-10/3,Occupied,B
782,62/16-B,,G-10/3,Occupied,B
1630,62/1-B,,G-10/3,Occupied,B
1335,62/2-B,,G-10/3,Occupied,B
792,62/3-B,,G-10/3,Occupied,B
793,62/4-B,,G-10/3,Vacated,B
794,62/5-B,,G-10/3,Occupied,B
1329,62/6-B,,G-10/3,Occupied,B
795,62/7-B,,G-10/3,Occupied,B
791,62/8-B,,G-10/3,Occupied,B
806,62/9-B,,G-10/3,Occupied,B
918,621-A,,G-7/3-1,Occupied,A
2413,"621-B St,54",,G-6/1-2,Occupied,B
394,622-A,,G-7/3-1,Occupied,A
1075,622-B,,G-6/1-2,Occupied,B
831,623-A,,G-7/3-1,Occupied,A
157,623-B,,G-6/1-2,Occupied,B
865,624-A,,G-7/3-1,Occupied,A
2256,624-B st.54,,G-6/1-2,Occupied,B
866,625-A,,G-7/3-1,Occupied,A
152,625-B,,G-6/1-2,Occupied,B
867,626-A,,G-7/3-1,Occupied,A
1050,626-B,,G-6/1-2,Occupied,B
868,627-A,,G-7/3-1,Court Case,A
1051,627-B,,G-6/1-2,Occupied,B
869,628-A,,G-7/3-1,Occupied,A
123,628-B,,G-6/1-2,Occupied,B
870,629-A,,G-7/3-1,,
124,629-B,,G-6/1-2,Occupied,B
1353,62-A,,F-6/2,Occupied,A
1026,62-A,,G-6/1-2,Occupied,A
974,62-A,,G-6/2,Occupied,A
2082,62-B,,G-6/1-4,Occupied,B
2077,62-B,,G-6/2,,
2458,63/10-B,,G-10/3,Occupied,B
1320,63/11-B,,G-10/3,Occupied,B
1627,63/12-B,,G-10/3,Occupied,B
2191-A,63/16-B,,G-10/3,Occupied,B
1648,63/1-B,,G-10/3,Occupied,B
1645,63/2-B,,G-10/3,Occupied,B
787,63/3-B,,G-10/3,Occupied,B
2459,63/4-B,,G-10/3,Occupied,B
1318,63/6-B,,G-10/3,Occupied,B
1629-B,63/7-B,,G-10/3,Occupied,B
1319,63/8-B,,G-10/3,Occupied,B
788,63/9-B,,G-10/3,Occupied,B
871,630-A,,G-7/3-1,Occupied,A
155,630-B,,G-6/1-2,Occupied,B
393,631-A,,G-7/3-1,Occupied,A
1052,631-B,,G-6/1-2,Occupied,B
873,633-A,,G-7/3-1,Occupied,A
125,633-B,,G-6/1-2,Occupied,B
336,634-A,,G-7/3-1,,
126,634-B,,G-6/1-2,Occupied,B
2031,635-A,,G-7/3-1,Occupied,A
1053,635-B,,G-6/1-2,Occupied,B
874,636-A,,G-7/3-1,Occupied,A
1569,636-B,,G-6/1-2,Occupied,B
326,637-A,,G-7/3-1,Occupied,A
1060,637-B,,G-6/1-2,Occupied,B
1546-B,638-A,,G-7/3-1,Occupied,A
1797,638-B,,G-6/1-2,Occupied,B
372,639-A,,G-7/3-1,Occupied,A
1670,639-B,,G-6/1-2,Occupied,B
1207,63-A,,F-6/2,,A
2150,63-A,,G-6/1-2,Occupied,A
1726,63-A,,G-6/2,,A
584,64/10-B,,G-9/2,Occupied,B
2557,64/11-B,,G-10/3,Occupied,B
585,64/11-B,,G-9/2,Occupied,B
1326,64/12-B,,G-10/3,Occupied,B
586,64/12-B,,G-9/2,Occupied,B
2388,64/13-B,,G-10/3,Occupied,B
1977,64/13-B,,G-9/2,Occupied,B
2232,64/14-B,,G-10/3,Occupied,B
2686,64/14-B,,G-9/2,Occupied,B
2235,64/15-B,,G-9/2,Occupied,B
1323,64/16-B,,G-10/3,Occupied,B
1506,64/16-B,,G-9/2,Occupied,B
1334,64/1-B,,G-10/3,Occupied,B
1834,64/1-B,,G-9/2,Occupied,B
2657,64/2-A,,G-7/4,Occupied,A
1998,64/2-B,,G-10/3,Occupied,B
1893,64/2-B,,G-9/2,Occupied,B
1631,64/3-B,,G-10/3,Occupied,B
1148,64/3-B,,G-9/2,Occupied,B
2668,64/4-B,,G-10/3,Occupied,B
1135,64/4-B,,G-9/2,Occupied,B
2491,64/5-B,,G-9/2,Occupied,B
1321,64/6-B,,G-10/3,Occupied,B
2662,64/6-B,,G-9/2,Occupied,B
783,64/7-B,,G-10/3,Occupied,B
2637,64/7-B,,G-9/2,Occupied,B
2452,64/8-B,,G-9/2,Occupied,B
1647,64/9-B,,G-10/3,Occupied,B
1752,64/9-B,,G-9/2,Occupied,B
381,640-A,,G-7/3-1,Occupied,A
1619,640-B,,G-6/1-2,Occupied,B
1552,641-A,,G-7/3-1,Occupied,A
1848,641-B (15-b),,G-6/1-2,Occupied,B
875,642-A,,G-7/3-1,Occupied,A
1054,642-B,,G-6/1-2,Occupied,B
407,643-A,,G-7/3-1,Occupied,A
1799,643-B,,G-6/1-2,Occupied,B
1923,644-A,,G-7/3-1,Occupied,A
1800-B,644-B,,G-6/1-2,Occupied,B
1759,645-B,,G-6/1-2,Occupied,B
1849,646-B,,G-6/1-2,Occupied,B
405,647-A,,G-7/3-1,Occupied,A
373,648-A,,G-7/3-1,Occupied,A
876,649-A,,G-7/3-1,Occupied,A
1679,649-B,,G-6/1-2,Occupied,B
1208,64-A,,F-6/2,,A
975,64-A,,G-6/2,Occupied,A
1674-B,65/1 New 28-I,,F-6/3,,
1332,65/5-B,,G-10/3,,
1481,65/6-B,,G-7/1,Occupied,B
2325,65/9-B,,G-9/2,Occupied,B
877,650-A,,G-7/3-1,Occupied,A
1468,651-A,,G-7/3-1,Illegal,A
482-B,652-A,,G-7/3-1,Occupied,A
2306,653-A,,G-7/3-1,Occupied,A
878,654-A,,G-7/3-1,Occupied,A
127,654-B,,G-6/1-2,Occupied,B
879,655-A,,G-7/3-1,Occupied,A
1055,655-B,,G-6/1-2,Occupied,B
880,656-A,,G-7/3-1,Occupied,A
2319,656-B,,G-6/1-2,Occupied,B
881,657-A,,G-7/3-1,Occupied,A
162,657-B,,G-6/1-2,Occupied,B
882,658-A,,G-7/3-1,Occupied,A
163,658-B,,G-6/1-2,Occupied,B
1984,659-A,,G-7/3-1,Occupied,A
2532,659-B,,G-6/1-2,Occupied,B
1209,65-A,,F-6/2,,A
1643,65-A,,G-6/1-2,Occupied,A
1585,65-A,,G-6/2,Occupied,A
1544,66/10-B,,G-9/2,Occupied,B
1154,66/11-B,,G-9/2,Occupied,B
2051,66/12-B,,G-9/2,Occupied,B
1145,66/13-B,,G-9/2,Occupied,B
2126,66/14-B,,G-9/2,Occupied,B
2456,66/15-B,,G-9/2,Occupied,B
1955,66/16-B,,G-9/2,Occupied,B
2538,66/1-B,,G-9/2,Occupied,B
591,66/2-B,,G-9/2,Occupied,B
1134,66/3-B,,G-9/2,Occupied,B
2243,66/4-B,,G-9/2,Occupied,B
1754-A,66/5-B,,G-9/2,Occupied,B
1980,66/6-B,,G-9/2,Occupied,B
1692,66/7-B,,G-9/2,Vacated,B
2247,66/8-B,,G-9/2,Occupied,B
1144,66/9-B,,G-9/2,Occupied,B
883,660-A,,G-7/3-1,Occupied,A
2280,660-B,,G-6/1-2,Occupied,B
884,661-A,,G-7/3-1,Occupied,A
111,661-B,,G-6/1-2,Occupied,B
411,662-A,,G-7/3-1,Occupied,A
165,662-B,,G-6/1-2,Occupied,B
885,663-A,,G-7/3-1,Occupied,A
1056,663-B,,G-6/1-2,Occupied,B
374,664-A,,G-7/3-1,Occupied,A
2439,664-B,,G-6/2,Occupied,B
376,665-A,,G-7/3-1,Occupied,A
781,665-B,,G-6/1-2,Occupied,B
886,666-A,,G-7/3-1,Occupied,A
1057,666-B,,G-6/1-2,Occupied,B
433,667-B,,G-6/1-2,Occupied,B
399,668-A,,G-7/3-1,Occupied,A
128,668-B,,G-6/1-2,Occupied,B
402,669-A,,G-7/3-1,Occupied,A
1621,669-B,,G-6/1-2,Occupied,B
1210,66-A,,F-6/2,Vacated,A
1028,66-A,,G-6/2,Occupied,A
182,66-A (New 5-A),,G-6/1-2,Occupied,A
2395,"66-A, St 77",,G-6/1-1,,
408,670-A,,G-7/3-1,,
1058,670-B,,G-6/1-2,Occupied,B
1476,671-A,,G-7/3-1,,
1851-A,671-B,,G-6/1-2,Occupied,B
2486,672-A,,G-7/3-1,Occupied,A
2075,672-B,,G-6/1-2,Occupied,B
887,673-A,,G-7/3-1,,
130,673-B,,G-6/1-2,Occupied,B
888,674-A,,G-7/3-1,Occupied,A
1064,674-B,,G-6/1-2,Occupied,B
1712,675-B,,G-6/1-2,Occupied,B
2414,676-B,,G-6/1-2,Occupied,B
2012,677-B,,G-6/1-2,Occupied,B
1613,678-B,,G-6/1-2,,B
2433,"679-B, St,60",,G-6/1-2,Occupied,B
1211,67-A,,F-6/2,Occupied,A
183,67-A,,G-6/1-2,,
1919,67-A,,G-6/2,Occupied,A
2540,68/7-B,,G-9/2,Occupied,B
1061,680-B,,G-6/1-2,Occupied,B
375,681-A,,G-7/3-1,,
1059,681-B,,G-6/1-2,,B
2079,682-B,,G-6/1-2,Occupied,B
241,682-F,,G-6/4,Occupied,F
1362,68-A,,F-6/2,Occupied,A
976,68-A,,G-6/2,Occupied,A
2544,"68-A, st 41",,G-6/1-2,Occupied,A
1826,68-D,,G-6/4,Occupied,D
2539,69/10-B,,G-9/2,Occupied,B
1497,69/1-B,,G-9/2,Occupied,B
2661,69/2-A,,G-7/4,Occupied,A
1892,69/2-B,,G-9/2,Occupied,B
587,69/3-B,,G-9/2,Occupied,B
1146,69/4-B,,G-9/2,Occupied,B
2565,69/6-B,,G-9/2,Occupied,B
2233,69/8-B,,G-9/2,Occupied,B
2145,69/9-B,,G-9/2,Occupied,B
1212,69-A,,F-6/2,,A
977,69-A,,G-6/2,Occupied,A
1801,69-A,,G-7/3-1,Occupied,A
2633,6-A,,F-6/2,Occupied,A
943,6-A,,G-6/2,Occupied,A
2402,6-A,,G-7/3-2,Occupied,A
1868,6-A,,Golf Cours,,SITE
2545,"6-A, st 42",,G-6/1-2,Occupied,A
1850-B,6-B,,G-6/2,Occupied,B
95,6-C(New10-C),,G-6/2,Occupied,C
214,6-E,,G-7/2,Occupied,E
1843,6-E (old 438) 380-E,,G-6/4,Occupied,E
1272,7/10-A,,G-9/3,Occupied,A
701,7/11-A,,G-9/3,Occupied,A
726,7/12-A,,G-9/3,Occupied,A
1130,7/16-A,,G-9/2,,
2421,7/16-B,,G-9/2,,
2570,7/1-A,,G-7/2,Vacated,A
856,7/1-A,,G-7/2,,
1244,7/1-A,,G-9/3,Occupied,A
299,7/1-B,,G-7/2,Occupied,B
1763,7/1-C,,G-7/1,Occupied,C
548,7/1-C,,G-9/2,Occupied,C
1245,7/2-A,,G-9/3,Occupied,A
2659,"7/2-A, 66 QTR",,G-7/2,Vacated,A
1905,7/2-B,,G-7/1,Occupied,B
1490,7/2-B,,G-7/2,Occupied,B
1763-A,7/2-C,,G-7/1,Occupied,C
1882,7/2-C,,G-9/2,Occupied,C
857,7/3-A,,G-7/2,Occupied,A
1271,7/3-A,,G-9/3,Occupied,A
1661,7/3-B,,G-7/2,Occupied,B
1985,7/4-A,,G-7/2,Occupied,A
2727,7/4-A,,G-9/3,Occupied,A
1906,7/4-B,,G-7/2,Occupied,B
1492,"7/4-B, St. 19",,G-7/2,Occupied,B
858,7/5-A,,G-7/2,Occupied,A
1939,7/5-A,,G-9/3,Occupied,A
1503,7/5-A,,I-9/4,Occupied,A
1656,7/5-B,,G-7/2,Occupied,B
1556,7/6-A,,G-7/2,Occupied,A
1285,7/6-A,,G-9/3,Occupied,A
1748,7/6-B,,G-7/2,Occupied,B
344,7/7-A,,G-7/2,Occupied,A
718,7/7-A,,G-9/3,Occupied,A
1284,7/8-A,,G-9/3,Occupied,A
764,7/8-D,,G-10/3,Occupied,D
1291,7/9-A,,G-9/3,Occupied,A
292,70/1-B,,G-7/1,Occupied,B
1478,70/2-B,,G-7/1,Occupied,B
813-A,70/3-A,,G-7/4,Occupied,A
303,70/4-B,,G-7/1,Occupied,B
2566,70/5-B,,G-7/1,Not Occupied,B
1167,70/5-D,,F-6/1,Occupied,D
2061,70/6-B,,G-7/1,Occupied,B
1887,705-C,,G-7/3-4,Occupied,C
1213,70-A,,F-6/2,,A
1496,71/3-B,,G-7/1,Not Occupied,B
1479,71/4-B,,G-7/1,Occupied,B
319,71/5-B,,G-7/1,,
2736,71/6-B,,G-7/1,Occupied,B
1214,71-A,,F-6/2,Occupied,A
978,71-A,,G-6/2,Illegal,A
1781,71-D,,G-6/4,Occupied,D
2482,72/1-B,,G-7/1,Occupied,B
2451,72/1-B,,G-9/2,Occupied,B
1824,72/2-B,,G-7/1,Occupied,B
604,72/2-B,,G-9/2,Occupied,B
282,72/3-B,,G-7/1,Occupied,B
1952,72/3-B,,G-9/2,Occupied,B
1495,72/4-B,,G-7/1,Occupied,B
2234,72/4-B,,G-9/2,Occupied,B
314,72/5-B,,G-7/1,Occupied,B
1810,72/5-B,,G-9/2,Vacated,B
2213,72/6-B,,G-7/1,Occupied,B
2329,72/6-B,,G-9/2,Occupied,B
2240,72/7-B,,G-9/2,Vacated,B
589,72/8-B,,G-9/2,Occupied,B
267,724-C,,G-7/3-4,Occupied,C
2664,726-C,,G-7/3-4,Occupied,C
1685,72-A,,F-6/2,,A
979,72-A,,G-6/2,Occupied,A
2106,"73/1-B, St, 68",,G-7/1,Occupied,B
293,73/2-B,,G-7/1,Occupied,B
1485,73/3-B,,G-7/1,Occupied,B
306,73/4-B,,G-7/1,Occupied,B
318,73/5-B,,G-7/1,Occupied,B
302,73/6-B,,G-7/1,Occupied,B
262,731-C,,G-7/3-4,Occupied,C
2088,732-C,,G-7/3-4,Occupied,C
263,733-C,,G-7/3-4,Occupied,C
2087,734-C,,G-7/3-4,Occupied,C
979-B,735-C,,G-7/3-4,Occupied,C
2425,736-C,,G-7/3-4,Occupied,C
236,737-C,,G-7/3-4,Occupied,C
276,738-C,,G-7/3-4,Occupied,C
264,739-C,,G-7/3-4,Occupied,C
1215,73-A,,F-6/2,Occupied,A
1027,73-A,,G-6/2,Occupied,A
316,74/1-B,,G-7/1,,
2720,74/1-D,,F-6/1,Occupied,D
1739,74/2-B,,G-7/1,Occupied,B
294,74/3-B,,G-7/1,Occupied,B
1171,74/3-D,,F-6/1,Occupied,D
2552,74/4-B,,G-7/1,Occupied,B
1170,74/4-D,,F-6/1,Occupied,D
313,74/5-B,,G-7/1,Occupied,B
1482,74/6-B,,G-7/1,Occupied,B
266,740-C,,G-7/3-4,Occupied,C
1216,74-A,,F-6/2,Occupied,A
200,74-A,,G-6/2,Occupied,A
139,74-B,,G-6/1-4,Occupied,B
1546,75/16-B,,G-9/2,Occupied,B
2212,75/1-B,,G-7/1,Occupied,B
2521,"75/2-B, ST 63",,G-7/1,Occupied,B
839,75/3-B,,G-7/1,Occupied,B
2651,75/4-B,,G-7/1,Occupied,B
295,75/5-B,,G-7/1,Occupied,B
570,75/6-B,,G-7/1,Occupied,B
1217,75-A,,F-6/2,,A
980,75-A,,G-6/2,Occupied,A
1913,75-A,,G-7/3-3,Occupied,A
538,76/12-B,,G-9/2,,
840,76/1-B,,G-7/1,Occupied,B
296,76/2-B,,G-7/1,Occupied,B
1908,76/4-B,,G-7/1,Occupied,B
2718,76/5-B,,G-7/1,Occupied,B
2555,76/6-B,,G-7/1,Occupied,B
1218,76-A,,F-6/2,,A
981,76-A,,G-6/2,Occupied,A
1455,76-G,,I-8/1,Occupied,G
1174,77/3-D,,F-6/1,Occupied,D
1489,77/6-A,,G-7/4,Occupied,A
1219,77-A,,F-6/2,Occupied,A
982,77-A,,G-6/2,Occupied,A
1567,77-B(New 19),,G-6/1-4,Occupied,B
2203,77-Cat-II,,I-8/1,Occupied,G
1168,78/3-D,,F-6/1,Occupied,D
1220,78-A,,F-6/2,,A
1031,78-A,,G-6/2,Occupied,A
138,78-B,,G-6/1-4,Occupied,B
1831,78-D,,G-6/4,Occupied,D
2096,79-A,,F-6/2,,A
983,79-A,,G-6/2,Occupied,A
150,79-B,,G-6/1-4,Occupied,B
1452,79-G Cat-II,,I-8/1,Occupied,G
1176,7-A,,F-6/2,Occupied,A
173,7-A,,G-6/1-2,Occupied,A
944,7-A,,G-6/2,Occupied,A
895,7-A,,G-7/3-2,Occupied,A
2104,7-A Graveyard,,H-8,,SITE
1074,7-B,,G-6/2,Occupied,B
212,7-E,,G-7/2,Occupied,E
41,"7-F,  ( 511-F )",,G-6/4,Occupied,F
725,8/10-A,,G-9/3,Occupied,A
2067,8/11-A,,G-9/3,Occupied,A
1283,8/12-A,,G-9/3,Occupied,A
2676,8/1-A,,G-7/1,Occupied,A
815,8/1-A,,G-7/2,Vacated,A
1273,8/1-A,,G-9/3,Occupied,A
287,8/1-B,,G-7/2,Occupied,B
1464,8/2-A,,G-7/1,Occupied,A
859,8/2-A,,G-7/2,Occupied,A
743,8/2-A,,G-9/3,Occupied,A
1591,8/2-C,,G-7/2,Occupied,C
382,8/3-A,,G-7/1,Occupied,A
744,8/3-A,,G-9/3,Occupied,A
544,"8/3-A, 66 Qtr",,G-7/2,Occupied,A
2084,8/3-C,,G-7/2,Occupied,C
221,8/3-E,,G-7/2,Occupied,E
324,8/4-A,,G-7/1,Occupied,A
1863,8/4-A,,G-7/2,Occupied,A
2173,8/4-A,,G-9/3,Occupied,A
1593,8/4-C,,G-7/1,Occupied,C
1471,8/5-A,,G-7/1,Occupied,A
860,8/5-A,,G-7/2,Occupied,A
721,8/5-A,,G-9/3,Occupied,A
404,8/6-A,,G-7/1,Occupied,A
1564,8/6-A,,G-7/2,Occupied,A
745,8/6-A,,G-9/3,Occupied,A
861,8/7-A,,G-7/2,Occupied,A
1256,8/7-A,,G-9/3,Occupied,A
862,8/8-A,,G-7/2,Occupied,A
1279,8/8-A,,G-9/3,Occupied,A
1257,8/9-A,,G-9/3,Occupied,A
2383,80,,G-9/2,,
1448,80 (Catt-II),,I-8/1,Occupied,G
592,80/1-B,,G-9/2,Occupied,B
922,80/6-A,,G-7/4,Occupied,A
1221,80-A,,F-6/2,,A
984,80-A,,G-6/2,Occupied,A
245,80-D,,G-6/4,Occupied,D
1424-A,80-D (New 32-D),,G-6/2,Occupied,D
1163,80-H,,F-6/3,,
1773,81/1-B,,G-9/2,Occupied,B
1222,81-A,,F-6/2,Occupied,A
985,81-A,,G-6/2,Occupied,A
1341,82/10-A,,G-10/3,Occupied,A
1344,82/11-A,,G-10/3,Occupied,A
2225,82/12-A,,G-10/3,Occupied,A
1306,82/13-A,,G-10/3,Occupied,A
2560,82/14-A,,G-10/3,Occupied,A
2304,82/15-A,,G-10/3,Occupied,A
810,82/16-A,,G-10/3,Occupied,A
1301,82/1-A,,G-10/3,Occupied,A
1169,82/1-D,,F-6/1,,
1302,82/2-A,,G-10/3,Occupied,A
1303,82/3-A,,G-10/3,Occupied,A
1345,82/4-A,,G-10/3,Occupied,A
1305,82/5-A,,G-10/3,Occupied,A
2680,82/6-A,,G-10/3,Occupied,A
2515,82/7-A,,G-10/3,Occupied,A
1304,82/8-A,,G-10/3,Occupied,A
2514,82/9-A,,G-10/3,Occupied,A
1223,82-A,,F-6/2,,
1037,82-A,,G-6/2,,A
1760,82-B,,G-6/1-4,Occupied,B
2516,83/10-A,,G-10/3,Occupied,A
1339,83/11-A,,G-10/3,Occupied,A
1338,83/12-A,,G-10/3,Occupied,A
1309,83/13-A,,G-10/3,,
1344-A,83/14-A,,G-10/3,Occupied,A
2488,83/15-A,,G-10/3,,
2224,83/16-A,,G-10/3,Occupied,A
1343,83/1-A,,G-10/3,Occupied,A
1966,83/1-D(32/1-D)F-6/1,,F-6/1,Occupied,D
2393,83/2-A,,G-10/3,Occupied,A
2389,83/3-A,,G-10/3,Occupied,A
1307,83/4-A,,G-10/3,,
809,83/5-A,,G-10/3,Vacated,A
1914,83/5-A,,G-7/4,Vacated,A
2045,83/6-A,,G-10/3,Occupied,A
2487,83/7-A,,G-10/3,Occupied,A
2048,83/8-A,,G-10/3,Occupied,A
1308,83/9-A,,G-10/3,Occupied,A
1224,83-A,,F-6/2,,A
190,83-A,,G-6/2,Occupied,A
2036,83-A,,G-7/3-3,,
812,84/10-A,,G-10/3,Occupied,A
1342,84/11-A,,G-10/3,Occupied,A
1340,84/12-A,,G-10/3,Occupied,A
1312,84/14-A,,G-10/3,,
808,84/1-A,,G-10/3,Occupied,A
2297,84/1-A,,G-7/4,Occupied,A
2049,84/2-A,,G-10/3,Occupied,A
813,84/3-A,,G-10/3,Occupied,A
807,84/4-A,,G-10/3,Occupied,A
2227,84/5-A,,G-10/3,,
811,84/6-A,,G-10/3,Occupied,A
1310,84/7-A,,G-10/3,Occupied,A
1346,84/8-A,,G-10/3,,
1311,84/9-A,,G-10/3,Occupied,A
1225,84-A,,F-6/2,,A
1586,84-A,,G-6/2,Occupied,A
2290,85/1-A,,G-7/4,Occupied,A
1662,85/6-A,,G-7/4,Occupied,A
1226,85-A,,F-6/2,,A
986,85-A,,G-6/2,,
1720,86/1-A,,G-7/4,Occupied,A
2202,86-A,,F-6/2,Occupied,A
1584,86-A,,G-6/2,Occupied,A
2654,87-A,,F-6/2,Vacated,A
987,87-A,,G-6/2,Occupied,A
1687-B,88-A,,F-6/2,Occupied,A
988,88-A,,G-6/2,Occupied,A
2046,89/2-A,,G-10/3,Occupied,A
385,89/2-A,,G-7/4,Occupied,A
1228,89-A,,F-6/2,Vacated,A
238,89-G(News 22),,G-6/3,,
1355,8-A,,F-6/2,Court Case,A
1734,8-A,,G-6/1-2,Occupied,A
945,8-A,,G-6/2,Occupied,A
896,8-A,,G-7/3-2,Occupied,A
1851-B,8-B,,G-6/1-2,Occupied,B
2190,8-C (old 7-C),,G-6/2,Occupied,C
230,8-E,,G-7/2,Occupied,E
1248,9/10-A,,G-9/3,Occupied,A
1258,9/11-A,,G-9/3,Occupied,A
1259,9/12-A,,G-9/3,Occupied,A
2702,9/1-A,,G-9/3,Occupied,A
1486,9/1-B,,G-7/2,Occupied,B
2162,9/1-C,,G-9/2,Illegal,C
347,9/2-A,,G-7/1,Occupied,A
2512,9/2-A,,G-9/3,Occupied,A
1881,9/2-C,,G-9/2,Occupied,C
2372,9/3-A,,G-9/3,,
1606,"9/3-A, St. 64",,G-7/1,Occupied,A
300,9/3-B,,G-7/2,Occupied,B
837,9/4-A,,G-7/1,Occupied,A
2509,9/4-A,,G-9/3,Occupied,A
2060,9/4-B,,G-7/2,Occupied,B
889,9/5-A,,G-7/1,Occupied,A
2508,9/5-A,,G-9/3,Occupied,A
2511,9/6-A,,G-9/3,Occupied,A
1604,"9/6-A, St. 64",,G-7/1,Occupied,A
624,9/7-A,,G-9/3,Occupied,A
1926,9/8-A,,G-9/3,Occupied,A
1247,9/9-A,,G-9/3,Occupied,A
2047,90/13-A,,G-10/3,Occupied,A
1820,90/5-A,,G-7/4,,
2381,90/8-B,,G-9/2,,
1229,90-A,,F-6/2,,A
1336,91/6-A,,G-10/3,Occupied,A
1324,91/6-B,,G-10/3,,
430,91-A,,G-7/3-3,Occupied,A
872,92/4-A,,G-7/4,Occupied,A
1520,92-A,,F-6/2,Occupied,A
1337,93/15-A,,G-10/3,Occupied,A
1231,93-A,,F-6/2,,A
1700,93-A,,G-7/3-4,Occupied,A
36,93-D,,G-6/2,Occupied,D
1542,94/14-B,,G-9/2,Occupied,B
358,94/5-A,,G-7/4,Occupied,A
2735,94-A,,F-6/2,Occupied,A
1454,94-G Cat-II,,I-8/1,,
1356,95-A,,F-6/2,,A
1030,95-A,,G-6/1-2,Occupied,A
1508,96/8-B,,G-9/2,Vacated,B
1232,96-A,,F-6/2,Occupied,A
925,96-A,,G-7/3-4,Occupied,A
2078,96-B,,G-6/1-4,Occupied,B
1516,97-A FC,,F-6/2,,A
1687,98-A,,F-6/2,,A
1233,99-A,,F-6/2,Occupied,A
412,99-A,,G-7/3-4,Occupied,A
1177,9-A,,F-6/2,Occupied,A
993,9-A,,G-6/1-2,Occupied,A
946,9-A,,G-6/2,Occupied,A
897,9-A,,G-7/3-2,Occupied,A
104,9-C(New 15-C),,G-6/2,Occupied,C
31,9-D ( New 113-D),,G-6/4,Occupied,D
2346,9-E,,G-6/4,Occupied,E
229,9-E,,G-7/2,Court Case,E
427,9-E (Cat-III),,G-8/2,Occupied,E
43,9-F (52-F),,G-6/3,Occupied,F
2287,A-1-A/1,,G-9/2,Occupied,A
1122,A-1-A/10,,G-9/2,Occupied,A
1291-A,A-1-A/12,,G-9/2,Occupied,A
1775,A-1-A/13,,G-9/2,Occupied,A
2289,A-1-A/14,,G-9/2,Occupied,A
609,A-1-A/15,,G-9/2,Occupied,A
2559,A-1-A/16,,G-9/2,Occupied,A
2258,A-1-A/3,,G-9/2,Occupied,A
2468,A-1-A/4,,G-9/2,Occupied,A
1765,A-1-A/5,,G-9/2,Occupied,A
2740,A-1-A/6,,G-9/2,Not Occupied,A
2170,A-1-A/7,,G-9/2,Occupied,A
1294,A-1-A/8,,G-9/2,Occupied,A
1369,A-1-A/9,,G-9/2,Occupied,A
1702,A-2-A/1,,G-9/2,Occupied,A
1942,A-2-A/10,,G-9/2,Occupied,A
2376,A-2-A/11,,G-9/2,Occupied,A
2667,A-2-A/12,,G-9/2,Occupied,A
1255,A-2-A/13,,G-9/2,Occupied,A
2179,A-2-A/14,,G-9/2,,
2281,A-2-A/15,,G-9/2,Occupied,A
1275,A-2-A/16,,G-9/2,Occupied,A
2537,A-2-A/2,,G-9/2,Occupied,A
1873,A-2-A/3,,G-9/2,Occupied,A
611,A-2-A/4,,G-9/2,Occupied,A
1131,A-2-A/5,,G-9/2,Occupied,A
1282,A-2-A/6,,G-9/2,Occupied,A
1706,A-2-A/7,,G-9/2,Occupied,A
1267,A-2-A/8,,G-9/2,Occupied,A
2065,A-2-A/9,,G-9/2,Occupied,A
631,A-3-A/10,,G-9/2,Occupied,A
632,A-3-A/11,,G-9/2,Occupied,A
633,A-3-A/12,,G-9/2,Occupied,A
634,A-3-A/13,,G-9/2,Vacated,A
635,A-3-A/14,,G-9/2,Vacated,A
636,A-3-A/15,,G-9/2,Occupied,A
637,A-3-A/16,,G-9/2,Occupied,A
1126,A-3-A/2,,G-9/2,Occupied,A
2286,A-3-A/3,,G-9/2,Occupied,A
612,A-3-A/4,,G-9/2,Occupied,A
626,A-3-A/5,,G-9/2,Occupied,A
627,A-3-A/6,,G-9/2,Occupied,A
628,A-3-A/7,,G-9/2,Occupied,A
629,A-3-A/8,,G-9/2,Occupied,A
630,A-3-A/9,,G-9/2,Occupied,A
645,A-4-A/10,,G-9/2,Occupied,A
646,A-4-A/11,,G-9/2,Occupied,A
647,A-4-A/12,,G-9/2,Occupied,A
648,A-4-A/13,,G-9/2,Occupied,A
649,A-4-A/14,,G-9/2,Occupied,A
650,A-4-A/15,,G-9/2,Occupied,A
651,A-4-A/16,,G-9/2,Occupied,A
638,A-4-A/2,,G-9/2,Occupied,A
639,A-4-A/3,,G-9/2,Occupied,A
640,A-4-A/4,,G-9/2,Occupied,A
641,A-4-A/5,,G-9/2,Occupied,A
613,A-4-A/6,,G-9/2,Occupied,A
642,A-4-A/7,,G-9/2,Occupied,A
643,A-4-A/8,,G-9/2,Occupied,A
644,A-4-A/9,,G-9/2,Occupied,A
1276,A-4-A-1,,G-9/2,Occupied,A
652,A-5-A/1,,G-9/2,Occupied,A
661,A-5-A/10,,G-9/2,Occupied,A
662,A-5-A/11,,G-9/2,Not Occupied,A
663,A-5-A/12,,G-9/2,Occupied,A
664,A-5-A/13,,G-9/2,Occupied,A
665,A-5-A/14,,G-9/2,Occupied,A
666,A-5-A/15,,G-9/2,Occupied,A
667,A-5-A/16,,G-9/2,Occupied,A
653,A-5-A/2,,G-9/2,Occupied,A
654,A-5-A/3,,G-9/2,Occupied,A
655,A-5-A/4,,G-9/2,Occupied,A
656,A-5-A/5,,G-9/2,Occupied,A
657,A-5-A/6,,G-9/2,Occupied,A
658,A-5-A/7,,G-9/2,Occupied,A
659,A-5-A/8,,G-9/2,Occupied,A
660,A-5-A/9,,G-9/2,Occupied,A
668,A-6-A/1,,G-9/2,Occupied,A
677,A-6-A/10,,G-9/2,Occupied,A
678,A-6-A/11,,G-9/2,Occupied,A
679,A-6-A/12,,G-9/2,Occupied,A
680,A-6-A/13,,G-9/2,Occupied,A
681,A-6-A/14,,G-9/2,Occupied,A
682,A-6-A/15,,G-9/2,Occupied,A
683,A-6-A/16,,G-9/2,Occupied,A
669,A-6-A/2,,G-9/2,Occupied,A
670,A-6-A/3,,G-9/2,Occupied,A
671,A-6-A/4,,G-9/2,Occupied,A
672,A-6-A/5,,G-9/2,Occupied,A
673,A-6-A/6,,G-9/2,Occupied,A
674,A-6-A/7,,G-9/2,Occupied,A
675,A-6-A/8,,G-9/2,Occupied,A
676,A-6-A/9,,G-9/2,Occupied,A
685,A-7-A/1,,G-9/2,Occupied,A
694,A-7-A/10,,G-9/2,Occupied,A
695,A-7-A/11,,G-9/2,Occupied,A
614,A-7-A/12,,G-9/2,Occupied,A
696,A-7-A/13,,G-9/2,Occupied,A
697,A-7-A/14,,G-9/2,Vacated,A
698,A-7-A/15,,G-9/2,Occupied,A
699,A-7-A/16,,G-9/2,Occupied,A
686,A-7-A/2,,G-9/2,Occupied,A
687,A-7-A/3,,G-9/2,Occupied,A
688,A-7-A/4,,G-9/2,Occupied,A
689,A-7-A/5,,G-9/2,Vacated,A
690,A-7-A/6,,G-9/2,Occupied,A
691,A-7-A/7,,G-9/2,Occupied,A
692,A-7-A/8,,G-9/2,,
693,A-7-A/9,,G-9/2,Occupied,A
702,A-8-A/1,,G-9/2,Occupied,A
709,A-8-A/10,,G-9/2,Occupied,A
710,A-8-A/11,,G-9/2,Occupied,A
711,A-8-A/12,,G-9/2,Occupied,A
712,A-8-A/13,,G-9/2,Occupied,A
625,A-8-A/14,,G-9/2,Occupied,A
713,A-8-A/15,,G-9/2,Occupied,A
714,A-8-A/16,,G-9/2,Occupied,A
703,A-8-A/2,,G-9/2,Occupied,A
704,A-8-A/3,,G-9/2,Occupied,A
705,A-8-A/4,,G-9/2,Occupied,A
706,A-8-A/5,,G-9/2,Occupied,A
2283,A-8-A/6,,G-9/2,Occupied,A
707,A-8-A/7,,G-9/2,Occupied,A
2066,A-8-A/8,,G-9/2,Occupied,A
1115,A-8-A/9,,G-9/2,Occupied,A
1121,B-1-A/1,,G-9/2,Occupied,B
1650,B-1-A/10,,G-9/2,Occupied,B
2481,B-1-A/11,,G-9/2,Occupied,B
2069,B-1-A/12,,G-9/2,Occupied,B
1787-B,B-1-A/13,,G-9/2,Vacated,B
607,B-1-A/14,,G-9/2,Vacated,B
2174,B-1-A/15,,G-9/2,Illegal,B
1787,B-1-A/16,,G-9/2,Occupied,B
2171,B-1-A/2,,G-9/2,Occupied,B
2734,B-1-A/3,,G-9/2,Occupied,B
2178,B-1-A/4,,G-9/2,Occupied,B
1875,B-1-A/5,,G-9/2,Occupied,B
1116,B-1-A/6,,G-9/2,Occupied,B
1286,B-1-A/7,,G-9/2,Vacated,B
2524,B-1-A/8,,G-9/2,Occupied,B
1274,B-1-A/9,,G-9/2,Occupied,B
1034,Chowkidar Room,,G-6/2,,SITE
205,Chowkidar Room,,G-6/2,,SITE
206,Chowkidar Room,,G-6/2,,SITE
207,Chowkidar Room,,G-6/4,,SITE
816,Chowkidar Room,,G-7/1,,SITE
2123,Chowkidar Room,,G-7/3-1,Vacated,SITE
817,Chowkidar Room,,G-7/3-3,Occupied,SITE
818,Chowkidar Room,,G-7/4,,SITE
1733,Chowkidar Room Bazar -2,,G-6/1-2,,SITE
1732,Dhobi Ghat,,G-6/4,Occupied,SITE
2375,Family suit 04,,,,SITE
1999,Flat # 3,,G-5,Occupied,SITE
2001,Flat # 4,,G-5,Occupied,SITE
2000,Flat # 6,,G-5,Occupied,SITE
2016,Flat 1(F.H.Q),,G-7/1,,SITE
2017,Flat 2(F.H.Q),,,,
2018,Flat 2(Pak -Sectt),,G-5,,SITE
33,Flat -8 (Bazaar no 8),,G-6/4,Occupied,B
29,Flat No-6 (Bazaar no 8),,G-6/4,Occupied,B
34,Flat-1 (Bazaar no 8),,G-6/4,Occupied,B
1574,Flat-2 (Bazaar no 8),,G-6/4,Occupied,B
1829,Flat-3 (Bazaar no 8),,G-6/4,Occupied,B
1572,Flat-4 (Bazaar no 8),,G-6/4,Occupied,B
1366,Flat-5,,I-9/4,,
35,Flat-5 (Bazaar no 8),,G-6/4,Occupied,B
1571,Flat-7 (Bazaar no 8),,G-6/4,Occupied,B
1573,Flat-9 (Bazaar no 8),,G-6/4,Occupied,B
file_no,qtr_no,street,sector,status,type_code
2422,Staff reseidence,,Art & Craft,,SITE
2423,Staff reseidence-2,,Art & Craft,,SITE
1845,Staff residenance -1,,Art and craft,,SITE
1703,,,G-9/2,,
1349,,,,,
1354,,,,,
1370,,,,,
1372,,,,,
1373,,,,,
1377,,,,,
1445,,,,,
1447,,,,,
1460,,,,,
1461,,,,,
1465,,,,,
1499,,,,,
1502,,,,,
1596,,,,,
1623,,,,,
1672,,,,,
1688,,,,,
1721,,,,,
1722,,,,,
1724,,,,,
1751,,,,,
1786,,,,,
1794,,,,,
1813,,,,,
1837,,,,,
1838,,,,,
1851,,,,,
1870,,,,,
1871,,,,,
1872,,,,,
1877,,,,,
1896,,,,,
1968,,,,,
1969,,,,,
1970,,,,,
2002,,,,,
2020,,,,,
2022,,,,,
2023,,,,,
2027,,,,,
2028,,,,,
2030,,,,,
2050,,,,,
2092,,,,,
2098,,,,,
2107,,,,,
2194,,,,,
2196,,,,,
2199,,,,,
2210,,,,,
2215,,,,,
2229,,,,,
2254,,,,,
2255,,,,,
2259,,,,,
2268,,,,,
2299,,,,,
2308,,,,,
2354,,,,,
2370,,,,,
2371,,,,,
2386,,,,,
2407,,,,,
2415,,,,,
2418,,,,,
2419,,,,,
2501,,,,,
2528,,,,,
2547,,,,,
2556,,,,,
44,,,,,
53-B,,,,,
